"labels","vals"
"n_rounds","6"
"n_rounds_char","six"
"min_round","14"
"max_round","19"
"n_participants","50,967"
"n_participant_visits","109,608"
"n_hiv_participants","8,841"
"p_hiv_participants","17.35"
"n_hiv_participant_visits","19,503"
"p_hiv_participant_visits","17.79"
"n_neg_participant_visits","90,105"
"n_viremic_participants","3,586"
"n_phsc_participants","2,081"
"min_survey_date","2010-01-19"
"max_survey_date","2020-11-04"
"min_survey_year","2010"
"max_survey_year","2020"
"round_14_median_year","2010"
"round_15_median_year","2012"
"round_16_median_year","2014"
"round_17_median_year","2015"
"round_18_median_year","2017"
"round_19_median_year","2019"
"n_participant_round_14","15,663"
"p_participant_round_14","30.73"
"n_participant_round_15","9,985"
"p_participant_round_15","19.59"
"n_participant_round_16","7,032"
"p_participant_round_16","13.8"
"n_participant_round_17","6,364"
"p_participant_round_17","12.49"
"n_participant_round_18","6,158"
"p_participant_round_18","12.08"
"n_participant_round_19","5,765"
"p_participant_round_19","11.31"
"n_hiv_participant_round_14","1,812"
"p_hiv_participant_round_14","21.72"
"n_hiv_participant_round_15","2,202"
"p_hiv_participant_round_15","26.4"
"n_hiv_participant_round_16","1,170"
"p_hiv_participant_round_16","14.03"
"n_hiv_participant_round_17","1,292"
"p_hiv_participant_round_17","15.49"
"n_hiv_participant_round_18","1,080"
"p_hiv_participant_round_18","12.95"
"n_hiv_participant_round_19","786"
"p_hiv_participant_round_19","9.42"
"n_viremic_participant_round_14","35"
"p_viremic_participant_round_14","1.11"
"n_viremic_participant_round_15","992"
"p_viremic_participant_round_15","31.58"
"n_viremic_participant_round_16","653"
"p_viremic_participant_round_16","20.79"
"n_viremic_participant_round_17","727"
"p_viremic_participant_round_17","23.15"
"n_viremic_participant_round_18","511"
"p_viremic_participant_round_18","16.27"
"n_viremic_participant_round_19","223"
"p_viremic_participant_round_19","7.1"
"n_seq_viremic_participant_round_14","16"
"p_seq_viremic_participant_round_14","0.79"
"n_seq_viremic_participant_round_15","749"
"p_seq_viremic_participant_round_15","36.91"
"n_seq_viremic_participant_round_16","346"
"p_seq_viremic_participant_round_16","17.05"
"n_seq_viremic_participant_round_17","523"
"p_seq_viremic_participant_round_17","25.78"
"n_seq_viremic_participant_round_18","328"
"p_seq_viremic_participant_round_18","16.17"
"n_seq_viremic_participant_round_19","67"
"p_seq_viremic_participant_round_19","3.3"
"p_sample_hiv_participant_round_14","11.57\\% (11.08\\% - 12.08\\%)"
"p_sample_hiv_participant_round_15","22.05\\% (21.25\\% - 22.88\\%)"
"p_sample_hiv_participant_round_16","16.64\\% (15.79\\% - 17.53\\%)"
"p_sample_hiv_participant_round_17","20.3\\% (19.33\\% - 21.31\\%)"
"p_sample_hiv_participant_round_18","17.54\\% (16.61\\% - 18.51\\%)"
"p_sample_hiv_participant_round_19","13.63\\% (12.77\\% - 14.54\\%)"
"p_sample_seq_participant_round_14","45.71\\% (30.46\\% - 61.82\\%)"
"p_sample_seq_participant_round_15","75.5\\% (72.73\\% - 78.08\\%)"
"p_sample_seq_participant_round_16","52.99\\% (49.15\\% - 56.79\\%)"
"p_sample_seq_participant_round_17","71.94\\% (68.56\\% - 75.09\\%)"
"p_sample_seq_participant_round_18","64.19\\% (59.94\\% - 68.23\\%)"
"p_sample_seq_participant_round_19","30.04\\% (24.4\\% - 36.37\\%)"
"n_participant_sex_F","27,621"
"p_participant_sex_F","54.19"
"n_participant_sex_M","23,346"
"p_participant_sex_M","45.81"
"n_hiv_participant_sex_F","5,315"
"p_hiv_participant_sex_F","63.71"
"n_hiv_participant_sex_M","3,027"
"p_hiv_participant_sex_M","36.29"
"n_viremic_participant_sex_F","1,685"
"p_viremic_participant_sex_F","53.65"
"n_viremic_participant_sex_M","1,456"
"p_viremic_participant_sex_M","46.35"
"n_seq_viremic_participant_sex_F","1,032"
"p_seq_viremic_participant_sex_F","50.86"
"n_seq_viremic_participant_sex_M","997"
"p_seq_viremic_participant_sex_M","49.14"
"p_sample_hiv_participant_sex_F","19.24\\% (18.78\\% - 19.71\\%)"
"p_sample_hiv_participant_sex_M","12.97\\% (12.54\\% - 13.4\\%)"
"p_sample_seq_participant_sex_F","61.25\\% (58.9\\% - 63.54\\%)"
"p_sample_seq_participant_sex_M","68.48\\% (66.04\\% - 70.81\\%)"
"n_participant_age_cat_coarse_(14,24]","24,356"
"p_participant_age_cat_coarse_(14,24]","47.79"
"n_participant_age_cat_coarse_(24,34]","15,995"
"p_participant_age_cat_coarse_(24,34]","31.38"
"n_participant_age_cat_coarse_(34,49]","10,616"
"p_participant_age_cat_coarse_(34,49]","20.83"
"n_hiv_participant_age_cat_coarse_(14,24]","1,472"
"p_hiv_participant_age_cat_coarse_(14,24]","17.65"
"n_hiv_participant_age_cat_coarse_(24,34]","3,875"
"p_hiv_participant_age_cat_coarse_(24,34]","46.45"
"n_hiv_participant_age_cat_coarse_(34,49]","2,995"
"p_hiv_participant_age_cat_coarse_(34,49]","35.9"
"n_viremic_participant_age_cat_coarse_(14,24]","678"
"p_viremic_participant_age_cat_coarse_(14,24]","21.59"
"n_viremic_participant_age_cat_coarse_(24,34]","1,577"
"p_viremic_participant_age_cat_coarse_(24,34]","50.21"
"n_viremic_participant_age_cat_coarse_(34,49]","886"
"p_viremic_participant_age_cat_coarse_(34,49]","28.21"
"n_seq_viremic_participant_age_cat_coarse_(14,24]","431"
"p_seq_viremic_participant_age_cat_coarse_(14,24]","21.24"
"n_seq_viremic_participant_age_cat_coarse_(24,34]","1,052"
"p_seq_viremic_participant_age_cat_coarse_(24,34]","51.85"
"n_seq_viremic_participant_age_cat_coarse_(34,49]","546"
"p_seq_viremic_participant_age_cat_coarse_(34,49]","26.91"
"p_sample_hiv_participant_age_cat_coarse_(14,24]","6.04\\% (5.75\\% - 6.35\\%)"
"p_sample_hiv_participant_age_cat_coarse_(24,34]","24.23\\% (23.57\\% - 24.9\\%)"
"p_sample_hiv_participant_age_cat_coarse_(34,49]","28.21\\% (27.36\\% - 29.08\\%)"
"p_sample_seq_participant_age_cat_coarse_(14,24]","63.57\\% (59.88\\% - 67.11\\%)"
"p_sample_seq_participant_age_cat_coarse_(24,34]","66.71\\% (64.34\\% - 68.99\\%)"
"p_sample_seq_participant_age_cat_coarse_(34,49]","61.63\\% (58.38\\% - 64.77\\%)"
"n_participant_comm_type_fishing","9,459"
"p_participant_comm_type_fishing","18.56"
"n_participant_comm_type_inland","41,508"
"p_participant_comm_type_inland","81.44"
"n_hiv_participant_comm_type_fishing","3,368"
"p_hiv_participant_comm_type_fishing","40.37"
"n_hiv_participant_comm_type_inland","4,974"
"p_hiv_participant_comm_type_inland","59.63"
"n_viremic_participant_comm_type_fishing","1,929"
"p_viremic_participant_comm_type_fishing","61.41"
"n_viremic_participant_comm_type_inland","1,212"
"p_viremic_participant_comm_type_inland","38.59"
"n_seq_viremic_participant_comm_type_fishing","1,287"
"p_seq_viremic_participant_comm_type_fishing","63.43"
"n_seq_viremic_participant_comm_type_inland","742"
"p_seq_viremic_participant_comm_type_inland","36.57"
"p_sample_hiv_participant_comm_type_fishing","35.61\\% (34.65\\% - 36.58\\%)"
"p_sample_hiv_participant_comm_type_inland","11.98\\% (11.67\\% - 12.3\\%)"
"p_sample_seq_participant_comm_type_fishing","66.72\\% (64.58\\% - 68.79\\%)"
"p_sample_seq_participant_comm_type_inland","61.22\\% (58.45\\% - 63.92\\%)"
"n_participant_log10_copies_cat_(2.3,3]","249"
"p_participant_log10_copies_cat_(2.3,3]","0.49"
"n_participant_log10_copies_cat_(3,3.5]","466"
"p_participant_log10_copies_cat_(3,3.5]","0.91"
"n_participant_log10_copies_cat_(3.5,4]","803"
"p_participant_log10_copies_cat_(3.5,4]","1.58"
"n_participant_log10_copies_cat_(4,4.5]","806"
"p_participant_log10_copies_cat_(4,4.5]","1.58"
"n_participant_log10_copies_cat_(4.5,5]","661"
"p_participant_log10_copies_cat_(4.5,5]","1.3"
"n_participant_log10_copies_cat_(5,Inf]","405"
"p_participant_log10_copies_cat_(5,Inf]","0.79"
"n_participant_log10_copies_cat_-","42,625"
"p_participant_log10_copies_cat_-","83.63"
"n_participant_log10_copies_cat_missing","2,533"
"p_participant_log10_copies_cat_missing","4.97"
"n_participant_log10_copies_cat_suppressed","2,419"
"p_participant_log10_copies_cat_suppressed","4.75"
"n_hiv_participant_log10_copies_cat_(2.3,3]","249"
"p_hiv_participant_log10_copies_cat_(2.3,3]","2.98"
"n_hiv_participant_log10_copies_cat_(3,3.5]","466"
"p_hiv_participant_log10_copies_cat_(3,3.5]","5.59"
"n_hiv_participant_log10_copies_cat_(3.5,4]","803"
"p_hiv_participant_log10_copies_cat_(3.5,4]","9.63"
"n_hiv_participant_log10_copies_cat_(4,4.5]","806"
"p_hiv_participant_log10_copies_cat_(4,4.5]","9.66"
"n_hiv_participant_log10_copies_cat_(4.5,5]","661"
"p_hiv_participant_log10_copies_cat_(4.5,5]","7.92"
"n_hiv_participant_log10_copies_cat_(5,Inf]","405"
"p_hiv_participant_log10_copies_cat_(5,Inf]","4.85"
"n_hiv_participant_log10_copies_cat_missing","2,533"
"p_hiv_participant_log10_copies_cat_missing","30.36"
"n_hiv_participant_log10_copies_cat_suppressed","2,419"
"p_hiv_participant_log10_copies_cat_suppressed","29"
"n_viremic_participant_log10_copies_cat_(3,3.5]","466"
"p_viremic_participant_log10_copies_cat_(3,3.5]","14.84"
"n_viremic_participant_log10_copies_cat_(3.5,4]","803"
"p_viremic_participant_log10_copies_cat_(3.5,4]","25.57"
"n_viremic_participant_log10_copies_cat_(4,4.5]","806"
"p_viremic_participant_log10_copies_cat_(4,4.5]","25.66"
"n_viremic_participant_log10_copies_cat_(4.5,5]","661"
"p_viremic_participant_log10_copies_cat_(4.5,5]","21.04"
"n_viremic_participant_log10_copies_cat_(5,Inf]","405"
"p_viremic_participant_log10_copies_cat_(5,Inf]","12.89"
"n_seq_viremic_participant_log10_copies_cat_(3,3.5]","275"
"p_seq_viremic_participant_log10_copies_cat_(3,3.5]","13.55"
"n_seq_viremic_participant_log10_copies_cat_(3.5,4]","522"
"p_seq_viremic_participant_log10_copies_cat_(3.5,4]","25.73"
"n_seq_viremic_participant_log10_copies_cat_(4,4.5]","521"
"p_seq_viremic_participant_log10_copies_cat_(4,4.5]","25.68"
"n_seq_viremic_participant_log10_copies_cat_(4.5,5]","447"
"p_seq_viremic_participant_log10_copies_cat_(4.5,5]","22.03"
"n_seq_viremic_participant_log10_copies_cat_(5,Inf]","264"
"p_seq_viremic_participant_log10_copies_cat_(5,Inf]","13.01"
"p_sample_seq_participant_log10_copies_cat_(3,3.5]","59.01\\% (54.49\\% - 63.39\\%)"
"p_sample_seq_participant_log10_copies_cat_(3.5,4]","65.01\\% (61.64\\% - 68.23\\%)"
"p_sample_seq_participant_log10_copies_cat_(4,4.5]","64.64\\% (61.28\\% - 67.86\\%)"
"p_sample_seq_participant_log10_copies_cat_(4.5,5]","67.62\\% (63.96\\% - 71.08\\%)"
"p_sample_seq_participant_log10_copies_cat_(5,Inf]","65.19\\% (60.42\\% - 69.66\\%)"
"n_participant_finalhiv_orig_missing","104"
"p_participant_finalhiv_orig_missing","0.2"
"n_seq_viremic_participant_finalhiv_orig_missing","0"
"p_seq_viremic_participant_finalhiv_orig_missing","0"
"n_participant_sex_missing","0"
"p_participant_sex_missing","0"
"n_seq_viremic_participant_sex_missing","0"
"p_seq_viremic_participant_sex_missing","0"
"n_participant_age_cat_fine_missing","0"
"p_participant_age_cat_fine_missing","0"
"n_seq_viremic_participant_age_cat_fine_missing","0"
"p_seq_viremic_participant_age_cat_fine_missing","0"
"n_participant_male_circumcision_missing","5791"
"p_participant_male_circumcision_missing","11.36"
"n_seq_viremic_participant_male_circumcision_missing","54"
"p_seq_viremic_participant_male_circumcision_missing","2.66"
"n_participant_comm_type_missing","0"
"p_participant_comm_type_missing","0"
"n_seq_viremic_participant_comm_type_missing","0"
"p_seq_viremic_participant_comm_type_missing","0"
"n_participant_married_missing","7"
"p_participant_married_missing","0.01"
"n_seq_viremic_participant_married_missing","0"
"p_seq_viremic_participant_married_missing","0"
"n_participant_sexpever_missing","0"
"p_participant_sexpever_missing","0"
"n_seq_viremic_participant_sexpever_missing","0"
"p_seq_viremic_participant_sexpever_missing","0"
"n_participant_in_migrant_missing","179"
"p_participant_in_migrant_missing","0.35"
"n_seq_viremic_participant_in_migrant_missing","5"
"p_seq_viremic_participant_in_migrant_missing","0.25"
"n_participant_barworker_missing","27"
"p_participant_barworker_missing","0.05"
"n_seq_viremic_participant_barworker_missing","0"
"p_seq_viremic_participant_barworker_missing","0"
"n_participant_finalhiv_orig_available","50,863"
"n_participant_sexpever_categorical","5,436"
"p_participant_sexpever_categorical","10.67"
"n_copies_participant_visits","16,013"
"p_copies_participant_visits","82.11"
"n_viremic_participant_visits","5,006"
"p_viremic_participant_visits","31.26"
"p_r14_r15_nonmissing_vl","37.32"
"p_r16_r19_nonmissing_vl","99.67"
"n_phsc_samples","2,551"
"n_nophsc_viremic_samples","2,455"
"n_phsc_participants","2,081"
"min_phsc_date","October 2010"
"max_phsc_date","May 2019"
"n_seq_bait_capture_round_14","16"
"n_seq_amplicon_round_15","720"
"n_seq_bait_capture_round_15","29"
"n_seq_amplicon_round_16","296"
"n_seq_bait_capture_round_16","50"
"n_seq_amplicon_round_17","14"
"n_seq_bait_capture_round_17","509"
"n_seq_bait_capture_round_18","328"
"n_seq_bait_capture_round_19","67"
"phsc_window_size","250"
"phsc_step_size","25"
"n_all_windows","287"
"n_unique_windows","29"
"n_base_base_simulated_samples","2,000"
"base_base_prob_MI_percent","5"
"base_base_fit_prob_MI_median_percent","5.09"
"base_base_fit_prob_MI_lower_percent","4.13"
"base_base_fit_prob_MI_upper_percent","6.1"
"base_base_fit_prob_MI_median_percent_int","5"
"base_base_prob_MI_fpr_percent","0"
"base_base_prob_MI_fnr_percent","0"
"base_base_logit_prob_seq_baseline","2"
"base_base_fit_logit_prob_seq_baseline_median","1.99"
"base_base_fit_logit_prob_seq_baseline_lower","1.93"
"base_base_fit_logit_prob_seq_baseline_upper","2.05"
"base_base_fit_logit_prob_seq_baseline_bulk_ess","2185.95"
"base_base_fit_logit_prob_seq_baseline_tail_ess","3748.22"
"base_base_fit_logit_prob_seq_baseline_rhat","1"
"base_base_logit_prob_seq_coeffs1","2"
"base_base_fit_logit_prob_seq_coeffs1_median","2.02"
"base_base_fit_logit_prob_seq_coeffs1_lower","1.95"
"base_base_fit_logit_prob_seq_coeffs1_upper","2.1"
"base_base_fit_logit_prob_seq_coeffs1_bulk_ess","2506.19"
"base_base_fit_logit_prob_seq_coeffs1_tail_ess","3379.78"
"base_base_fit_logit_prob_seq_coeffs1_rhat","1"
"base_base_logit_prob_seq_ind_sd","1"
"base_base_fit_logit_prob_seq_ind_sd_median","1"
"base_base_fit_logit_prob_seq_ind_sd_lower","0.95"
"base_base_fit_logit_prob_seq_ind_sd_upper","1.05"
"base_base_fit_logit_prob_seq_ind_sd_bulk_ess","2619.47"
"base_base_fit_logit_prob_seq_ind_sd_tail_ess","5233.23"
"base_base_fit_logit_prob_seq_ind_sd_rhat","1"
"base_base_logit_prob_MI","-2.94"
"base_base_fit_logit_prob_MI_median","-2.92"
"base_base_fit_logit_prob_MI_lower","-3.13"
"base_base_fit_logit_prob_MI_upper","-2.72"
"base_base_fit_logit_prob_MI_bulk_ess","8235.07"
"base_base_fit_logit_prob_MI_tail_ess","4912.29"
"base_base_fit_logit_prob_MI_rhat","1"
"base_base_logit_prob_MI_fpr","-Inf"
"base_base_logit_prob_MI_fnr","-Inf"
"base_base_n_participant_visits","1,986"
"n_full_base_simulated_samples","2,000"
"full_base_prob_MI_percent","5"
"full_base_fit_prob_MI_median_percent","26.52"
"full_base_fit_prob_MI_lower_percent","24.56"
"full_base_fit_prob_MI_upper_percent","28.62"
"full_base_fit_prob_MI_median_percent_int","27"
"full_base_prob_MI_fpr_percent","1"
"full_base_prob_MI_fnr_percent","30"
"full_base_logit_prob_seq_baseline","2"
"full_base_fit_logit_prob_seq_baseline_median","1.2"
"full_base_fit_logit_prob_seq_baseline_lower","1.13"
"full_base_fit_logit_prob_seq_baseline_upper","1.28"
"full_base_fit_logit_prob_seq_baseline_bulk_ess","1236.21"
"full_base_fit_logit_prob_seq_baseline_tail_ess","2393.59"
"full_base_fit_logit_prob_seq_baseline_rhat","1"
"full_base_logit_prob_seq_coeffs1","2"
"full_base_fit_logit_prob_seq_coeffs1_median","1.39"
"full_base_fit_logit_prob_seq_coeffs1_lower","1.3"
"full_base_fit_logit_prob_seq_coeffs1_upper","1.46"
"full_base_fit_logit_prob_seq_coeffs1_bulk_ess","1321.8"
"full_base_fit_logit_prob_seq_coeffs1_tail_ess","2523.37"
"full_base_fit_logit_prob_seq_coeffs1_rhat","1"
"full_base_logit_prob_seq_ind_sd","1"
"full_base_fit_logit_prob_seq_ind_sd_median","1.51"
"full_base_fit_logit_prob_seq_ind_sd_lower","1.44"
"full_base_fit_logit_prob_seq_ind_sd_upper","1.57"
"full_base_fit_logit_prob_seq_ind_sd_bulk_ess","4696.51"
"full_base_fit_logit_prob_seq_ind_sd_tail_ess","6324.78"
"full_base_fit_logit_prob_seq_ind_sd_rhat","1"
"full_base_logit_prob_MI","-2.94"
"full_base_fit_logit_prob_MI_median","-1.02"
"full_base_fit_logit_prob_MI_lower","-1.12"
"full_base_fit_logit_prob_MI_upper","-0.91"
"full_base_fit_logit_prob_MI_bulk_ess","17682.32"
"full_base_fit_logit_prob_MI_tail_ess","5782.47"
"full_base_fit_logit_prob_MI_rhat","1"
"full_base_logit_prob_MI_fpr","-4.6"
"full_base_logit_prob_MI_fnr","-0.85"
"full_base_n_participant_visits","1,986"
"n_full_full_simulated_samples","2,000"
"full_full_prob_MI_percent","5"
"full_full_fit_prob_MI_median_percent","5.19"
"full_full_fit_prob_MI_lower_percent","4.2"
"full_full_fit_prob_MI_upper_percent","6.26"
"full_full_fit_prob_MI_median_percent_int","5"
"full_full_prob_MI_fpr_percent","1"
"full_full_fit_prob_MI_fpr_median_percent","1.09"
"full_full_fit_prob_MI_fpr_lower_percent","0.99"
"full_full_fit_prob_MI_fpr_upper_percent","1.19"
"full_full_prob_MI_fnr_percent","30"
"full_full_fit_prob_MI_fnr_median_percent","31.91"
"full_full_fit_prob_MI_fnr_lower_percent","29.21"
"full_full_fit_prob_MI_fnr_upper_percent","34.51"
"full_full_logit_prob_seq_baseline","2"
"full_full_fit_logit_prob_seq_baseline_median","1.99"
"full_full_fit_logit_prob_seq_baseline_lower","1.93"
"full_full_fit_logit_prob_seq_baseline_upper","2.06"
"full_full_fit_logit_prob_seq_baseline_bulk_ess","2646.13"
"full_full_fit_logit_prob_seq_baseline_tail_ess","3927.62"
"full_full_fit_logit_prob_seq_baseline_rhat","1"
"full_full_logit_prob_seq_coeffs1","2"
"full_full_fit_logit_prob_seq_coeffs1_median","2.03"
"full_full_fit_logit_prob_seq_coeffs1_lower","1.96"
"full_full_fit_logit_prob_seq_coeffs1_upper","2.1"
"full_full_fit_logit_prob_seq_coeffs1_bulk_ess","2475.9"
"full_full_fit_logit_prob_seq_coeffs1_tail_ess","4405.79"
"full_full_fit_logit_prob_seq_coeffs1_rhat","1"
"full_full_logit_prob_seq_ind_sd","1"
"full_full_fit_logit_prob_seq_ind_sd_median","1"
"full_full_fit_logit_prob_seq_ind_sd_lower","0.95"
"full_full_fit_logit_prob_seq_ind_sd_upper","1.05"
"full_full_fit_logit_prob_seq_ind_sd_bulk_ess","2427.35"
"full_full_fit_logit_prob_seq_ind_sd_tail_ess","3585.93"
"full_full_fit_logit_prob_seq_ind_sd_rhat","1"
"full_full_logit_prob_MI","-2.94"
"full_full_fit_logit_prob_MI_median","-2.91"
"full_full_fit_logit_prob_MI_lower","-3.12"
"full_full_fit_logit_prob_MI_upper","-2.7"
"full_full_fit_logit_prob_MI_bulk_ess","11718.68"
"full_full_fit_logit_prob_MI_tail_ess","5800.08"
"full_full_fit_logit_prob_MI_rhat","1"
"full_full_logit_prob_MI_fpr","-4.6"
"full_full_fit_logit_prob_MI_fpr_median","-4.51"
"full_full_fit_logit_prob_MI_fpr_lower","-4.6"
"full_full_fit_logit_prob_MI_fpr_upper","-4.42"
"full_full_fit_logit_prob_MI_fpr_bulk_ess","11908.52"
"full_full_fit_logit_prob_MI_fpr_tail_ess","5061.41"
"full_full_fit_logit_prob_MI_fpr_rhat","1"
"full_full_logit_prob_MI_fnr","-0.85"
"full_full_fit_logit_prob_MI_fnr_median","-0.76"
"full_full_fit_logit_prob_MI_fnr_lower","-0.89"
"full_full_fit_logit_prob_MI_fnr_upper","-0.64"
"full_full_fit_logit_prob_MI_fnr_bulk_ess","9051.87"
"full_full_fit_logit_prob_MI_fnr_tail_ess","5946.11"
"full_full_fit_logit_prob_MI_fnr_rhat","1"
"full_full_n_participant_visits","1,986"
"n_ext_ext_simulated_samples","2,000"
"ext_ext_prob_MI_percent","5"
"ext_ext_prob_MI_fpr_percent","1"
"ext_ext_fit_prob_MI_fpr_median_percent","1.05"
"ext_ext_fit_prob_MI_fpr_lower_percent","0.95"
"ext_ext_fit_prob_MI_fpr_upper_percent","1.15"
"ext_ext_prob_MI_fnr_percent","30"
"ext_ext_fit_prob_MI_fnr_median_percent","32.83"
"ext_ext_fit_prob_MI_fnr_lower_percent","30.72"
"ext_ext_fit_prob_MI_fnr_upper_percent","34.86"
"ext_ext_logit_prob_seq_baseline","2"
"ext_ext_fit_logit_prob_seq_baseline_median","2"
"ext_ext_fit_logit_prob_seq_baseline_lower","1.94"
"ext_ext_fit_logit_prob_seq_baseline_upper","2.06"
"ext_ext_fit_logit_prob_seq_baseline_bulk_ess","2536.89"
"ext_ext_fit_logit_prob_seq_baseline_tail_ess","4489.11"
"ext_ext_fit_logit_prob_seq_baseline_rhat","1"
"ext_ext_logit_prob_seq_coeffs1","2"
"ext_ext_fit_logit_prob_seq_coeffs1_median","1.99"
"ext_ext_fit_logit_prob_seq_coeffs1_lower","1.92"
"ext_ext_fit_logit_prob_seq_coeffs1_upper","2.07"
"ext_ext_fit_logit_prob_seq_coeffs1_bulk_ess","2744.28"
"ext_ext_fit_logit_prob_seq_coeffs1_tail_ess","4770.11"
"ext_ext_fit_logit_prob_seq_coeffs1_rhat","1"
"ext_ext_logit_prob_seq_ind_sd","1"
"ext_ext_fit_logit_prob_seq_ind_sd_median","0.99"
"ext_ext_fit_logit_prob_seq_ind_sd_lower","0.94"
"ext_ext_fit_logit_prob_seq_ind_sd_upper","1.04"
"ext_ext_fit_logit_prob_seq_ind_sd_bulk_ess","3008.67"
"ext_ext_fit_logit_prob_seq_ind_sd_tail_ess","4623.96"
"ext_ext_fit_logit_prob_seq_ind_sd_rhat","1"
"ext_ext_logit_prob_MI","-2.94"
"ext_ext_fit_logit_prob_MI_median","-2.79"
"ext_ext_fit_logit_prob_MI_lower","-3.2"
"ext_ext_fit_logit_prob_MI_upper","-2.4"
"ext_ext_fit_logit_prob_MI_bulk_ess","6767.17"
"ext_ext_fit_logit_prob_MI_tail_ess","5712.9"
"ext_ext_fit_logit_prob_MI_rhat","1"
"ext_ext_logit_prob_MI_fpr","-4.6"
"ext_ext_fit_logit_prob_MI_fpr_median","-4.55"
"ext_ext_fit_logit_prob_MI_fpr_lower","-4.65"
"ext_ext_fit_logit_prob_MI_fpr_upper","-4.46"
"ext_ext_fit_logit_prob_MI_fpr_bulk_ess","12175.43"
"ext_ext_fit_logit_prob_MI_fpr_tail_ess","5227.47"
"ext_ext_fit_logit_prob_MI_fpr_rhat","1"
"ext_ext_logit_prob_MI_fnr","-0.85"
"ext_ext_fit_logit_prob_MI_fnr_median","-0.72"
"ext_ext_fit_logit_prob_MI_fnr_lower","-0.81"
"ext_ext_fit_logit_prob_MI_fnr_upper","-0.62"
"ext_ext_fit_logit_prob_MI_fnr_bulk_ess","13012.54"
"ext_ext_fit_logit_prob_MI_fnr_tail_ess","6450.52"
"ext_ext_fit_logit_prob_MI_fnr_rhat","1"
"ext_ext_fit_logit_prob_MI_coeffs1_median","1.08"
"ext_ext_fit_logit_prob_MI_coeffs1_lower","0.11"
"ext_ext_fit_logit_prob_MI_coeffs1_upper","2.37"
"ext_ext_fit_logit_prob_MI_coeffs1_bulk_ess","7863.12"
"ext_ext_fit_logit_prob_MI_coeffs1_tail_ess","4931.73"
"ext_ext_fit_logit_prob_MI_coeffs1_rhat","1"
"ext_ext_fit_logit_prob_MI_coeffs2_median","0.02"
"ext_ext_fit_logit_prob_MI_coeffs2_lower","-1.6"
"ext_ext_fit_logit_prob_MI_coeffs2_upper","1.66"
"ext_ext_fit_logit_prob_MI_coeffs2_bulk_ess","8466.37"
"ext_ext_fit_logit_prob_MI_coeffs2_tail_ess","5439.77"
"ext_ext_fit_logit_prob_MI_coeffs2_rhat","1"
"ext_ext_fit_logit_prob_MI_coeffs3_median","-0.39"
"ext_ext_fit_logit_prob_MI_coeffs3_lower","-1.93"
"ext_ext_fit_logit_prob_MI_coeffs3_upper","1.15"
"ext_ext_fit_logit_prob_MI_coeffs3_bulk_ess","7246.8"
"ext_ext_fit_logit_prob_MI_coeffs3_tail_ess","4959.11"
"ext_ext_fit_logit_prob_MI_coeffs3_rhat","1"
"ext_ext_fit_logit_prob_MI_coeffs4_median","-0.04"
"ext_ext_fit_logit_prob_MI_coeffs4_lower","-1.6"
"ext_ext_fit_logit_prob_MI_coeffs4_upper","1.48"
"ext_ext_fit_logit_prob_MI_coeffs4_bulk_ess","9213.81"
"ext_ext_fit_logit_prob_MI_coeffs4_tail_ess","5786.09"
"ext_ext_fit_logit_prob_MI_coeffs4_rhat","1"
"ext_ext_fit_logit_prob_MI_coeffs5_median","-0.24"
"ext_ext_fit_logit_prob_MI_coeffs5_lower","-1.79"
"ext_ext_fit_logit_prob_MI_coeffs5_upper","1.33"
"ext_ext_fit_logit_prob_MI_coeffs5_bulk_ess","8692.65"
"ext_ext_fit_logit_prob_MI_coeffs5_tail_ess","5648.33"
"ext_ext_fit_logit_prob_MI_coeffs5_rhat","1"
"ext_ext_w1","0.75"
"ext_ext_fit_w1_median","0.6"
"ext_ext_fit_w1_lower","0.17"
"ext_ext_fit_w1_upper","1.03"
"ext_ext_fit_w1_bulk_ess","4892.8"
"ext_ext_fit_w1_tail_ess","3210.09"
"ext_ext_fit_w1_rhat","1"
"ext_ext_w2","0"
"ext_ext_fit_w2_median","0"
"ext_ext_fit_w2_lower","-0.25"
"ext_ext_fit_w2_upper","0.26"
"ext_ext_fit_w2_bulk_ess","9734.48"
"ext_ext_fit_w2_tail_ess","7714.16"
"ext_ext_fit_w2_rhat","1"
"ext_ext_w3","0"
"ext_ext_fit_w3_median","-0.07"
"ext_ext_fit_w3_lower","-0.44"
"ext_ext_fit_w3_upper","0.14"
"ext_ext_fit_w3_bulk_ess","5858.23"
"ext_ext_fit_w3_tail_ess","7024.1"
"ext_ext_fit_w3_rhat","1"
"ext_ext_w4","0"
"ext_ext_fit_w4_median","0"
"ext_ext_fit_w4_lower","-0.27"
"ext_ext_fit_w4_upper","0.23"
"ext_ext_fit_w4_bulk_ess","10058.67"
"ext_ext_fit_w4_tail_ess","7566.46"
"ext_ext_fit_w4_rhat","1"
"ext_ext_w5","0"
"ext_ext_fit_w5_median","-0.03"
"ext_ext_fit_w5_lower","-0.34"
"ext_ext_fit_w5_upper","0.18"
"ext_ext_fit_w5_bulk_ess","8377.08"
"ext_ext_fit_w5_tail_ess","7284.92"
"ext_ext_fit_w5_rhat","1"
"ext_ext_fit_rr_logit_prob_MI+w1:logit_prob_MI_median","1.74"
"ext_ext_fit_rr_logit_prob_MI+w1:logit_prob_MI_lower","1.07"
"ext_ext_fit_rr_logit_prob_MI+w1:logit_prob_MI_upper","2.47"
"ext_ext_fit_rr_logit_prob_MI+w1:logit_prob_MI_bulk_ess","4909.73"
"ext_ext_fit_rr_logit_prob_MI+w1:logit_prob_MI_tail_ess","3210.09"
"ext_ext_fit_rr_logit_prob_MI+w1:logit_prob_MI_rhat","1"
"ext_ext_fit_tau_median","0.31"
"ext_ext_fit_tau_lower","0"
"ext_ext_fit_tau_upper","1.03"
"ext_ext_fit_tau_bulk_ess","4975.42"
"ext_ext_fit_tau_tail_ess","5227.16"
"ext_ext_fit_tau_rhat","1"
"ext_ext_fit_lambda1_median","1.73"
"ext_ext_fit_lambda1_lower","0.02"
"ext_ext_fit_lambda1_upper","7.27"
"ext_ext_fit_lambda1_bulk_ess","6259.68"
"ext_ext_fit_lambda1_tail_ess","4166.5"
"ext_ext_fit_lambda1_rhat","1"
"ext_ext_fit_lambda2_median","0.47"
"ext_ext_fit_lambda2_lower","0"
"ext_ext_fit_lambda2_upper","2.22"
"ext_ext_fit_lambda2_bulk_ess","5718.96"
"ext_ext_fit_lambda2_tail_ess","4258.51"
"ext_ext_fit_lambda2_rhat","1"
"ext_ext_fit_lambda3_median","0.6"
"ext_ext_fit_lambda3_lower","0"
"ext_ext_fit_lambda3_upper","2.64"
"ext_ext_fit_lambda3_bulk_ess","4189.42"
"ext_ext_fit_lambda3_tail_ess","3208.36"
"ext_ext_fit_lambda3_rhat","1"
"ext_ext_fit_lambda4_median","0.49"
"ext_ext_fit_lambda4_lower","0"
"ext_ext_fit_lambda4_upper","2.18"
"ext_ext_fit_lambda4_bulk_ess","6455.44"
"ext_ext_fit_lambda4_tail_ess","5090.41"
"ext_ext_fit_lambda4_rhat","1"
"ext_ext_fit_lambda5_median","0.51"
"ext_ext_fit_lambda5_lower","0"
"ext_ext_fit_lambda5_upper","2.37"
"ext_ext_fit_lambda5_bulk_ess","5450.67"
"ext_ext_fit_lambda5_tail_ess","4335.94"
"ext_ext_fit_lambda5_rhat","1"
"ext_ext_fit_rr_logit_prob_MI+w1:logit_prob_MI_median","1.74"
"ext_ext_fit_rr_logit_prob_MI+w1:logit_prob_MI_lower","1.07"
"ext_ext_fit_rr_logit_prob_MI+w1:logit_prob_MI_upper","2.47"
"ext_ext_fit_rr_logit_prob_MI+w1:logit_prob_MI_bulk_ess","4909.73"
"ext_ext_fit_rr_logit_prob_MI+w1:logit_prob_MI_tail_ess","3210.09"
"ext_ext_fit_rr_logit_prob_MI+w1:logit_prob_MI_rhat","1"
"ext_ext_n_participant_visits","1,979"
"empirical_full_fit_prob_MI_median_percent","5.79"
"empirical_full_fit_prob_MI_lower_percent","4.56"
"empirical_full_fit_prob_MI_upper_percent","7.07"
"empirical_full_fit_prob_MI_median_percent_int","6"
"empirical_full_fit_prob_MI_fpr_median_percent","0.32"
"empirical_full_fit_prob_MI_fpr_lower_percent","0.25"
"empirical_full_fit_prob_MI_fpr_upper_percent","0.4"
"empirical_full_fit_prob_MI_fnr_median_percent","57.18"
"empirical_full_fit_prob_MI_fnr_lower_percent","52.94"
"empirical_full_fit_prob_MI_fnr_upper_percent","61.6"
"empirical_full_fit_logit_prob_seq_baseline_median","-0.08"
"empirical_full_fit_logit_prob_seq_baseline_lower","-0.18"
"empirical_full_fit_logit_prob_seq_baseline_upper","0.01"
"empirical_full_fit_logit_prob_seq_baseline_bulk_ess","1094.34"
"empirical_full_fit_logit_prob_seq_baseline_tail_ess","2116.52"
"empirical_full_fit_logit_prob_seq_baseline_rhat","1"
"empirical_full_fit_logit_prob_seq_coeffs1_median","2.61"
"empirical_full_fit_logit_prob_seq_coeffs1_lower","2.45"
"empirical_full_fit_logit_prob_seq_coeffs1_upper","2.76"
"empirical_full_fit_logit_prob_seq_coeffs1_bulk_ess","1522.61"
"empirical_full_fit_logit_prob_seq_coeffs1_tail_ess","3106.93"
"empirical_full_fit_logit_prob_seq_coeffs1_rhat","1"
"empirical_full_fit_logit_prob_seq_coeffs2_median","0.85"
"empirical_full_fit_logit_prob_seq_coeffs2_lower","0.76"
"empirical_full_fit_logit_prob_seq_coeffs2_upper","0.95"
"empirical_full_fit_logit_prob_seq_coeffs2_bulk_ess","1513.14"
"empirical_full_fit_logit_prob_seq_coeffs2_tail_ess","2991.73"
"empirical_full_fit_logit_prob_seq_coeffs2_rhat","1"
"empirical_full_fit_logit_prob_seq_coeffs3_median","1.52"
"empirical_full_fit_logit_prob_seq_coeffs3_lower","1.38"
"empirical_full_fit_logit_prob_seq_coeffs3_upper","1.63"
"empirical_full_fit_logit_prob_seq_coeffs3_bulk_ess","2283.44"
"empirical_full_fit_logit_prob_seq_coeffs3_tail_ess","3711.07"
"empirical_full_fit_logit_prob_seq_coeffs3_rhat","1"
"empirical_full_fit_logit_prob_seq_ind_sd_median","1.52"
"empirical_full_fit_logit_prob_seq_ind_sd_lower","1.45"
"empirical_full_fit_logit_prob_seq_ind_sd_upper","1.59"
"empirical_full_fit_logit_prob_seq_ind_sd_bulk_ess","4631.32"
"empirical_full_fit_logit_prob_seq_ind_sd_tail_ess","6140"
"empirical_full_fit_logit_prob_seq_ind_sd_rhat","1"
"empirical_full_fit_logit_prob_MI_median","-2.79"
"empirical_full_fit_logit_prob_MI_lower","-3.03"
"empirical_full_fit_logit_prob_MI_upper","-2.56"
"empirical_full_fit_logit_prob_MI_bulk_ess","7236.45"
"empirical_full_fit_logit_prob_MI_tail_ess","4682.27"
"empirical_full_fit_logit_prob_MI_rhat","1"
"empirical_full_fit_logit_prob_MI_fpr_median","-5.73"
"empirical_full_fit_logit_prob_MI_fpr_lower","-5.96"
"empirical_full_fit_logit_prob_MI_fpr_upper","-5.5"
"empirical_full_fit_logit_prob_MI_fpr_bulk_ess","4917.44"
"empirical_full_fit_logit_prob_MI_fpr_tail_ess","5128.91"
"empirical_full_fit_logit_prob_MI_fpr_rhat","1"
"empirical_full_fit_logit_prob_MI_fnr_median","0.29"
"empirical_full_fit_logit_prob_MI_fnr_lower","0.12"
"empirical_full_fit_logit_prob_MI_fnr_upper","0.47"
"empirical_full_fit_logit_prob_MI_fnr_bulk_ess","5004.3"
"empirical_full_fit_logit_prob_MI_fnr_tail_ess","5833.33"
"empirical_full_fit_logit_prob_MI_fnr_rhat","1"
"empirical_full_n_participant_visits","2,029"
"empirical_full_alt_fit_prob_MI_median_percent","5.98"
"empirical_full_alt_fit_prob_MI_lower_percent","4.74"
"empirical_full_alt_fit_prob_MI_upper_percent","7.32"
"empirical_full_alt_fit_prob_MI_median_percent_int","6"
"empirical_full_alt_fit_prob_MI_fpr_median_percent","0.29"
"empirical_full_alt_fit_prob_MI_fpr_lower_percent","0.22"
"empirical_full_alt_fit_prob_MI_fpr_upper_percent","0.37"
"empirical_full_alt_fit_prob_MI_fnr_median_percent","61.69"
"empirical_full_alt_fit_prob_MI_fnr_lower_percent","58.01"
"empirical_full_alt_fit_prob_MI_fnr_upper_percent","65.44"
"empirical_full_alt_fit_logit_prob_seq_baseline_median","-0.14"
"empirical_full_alt_fit_logit_prob_seq_baseline_lower","-0.24"
"empirical_full_alt_fit_logit_prob_seq_baseline_upper","-0.05"
"empirical_full_alt_fit_logit_prob_seq_baseline_bulk_ess","1543.99"
"empirical_full_alt_fit_logit_prob_seq_baseline_tail_ess","2884.32"
"empirical_full_alt_fit_logit_prob_seq_baseline_rhat","1"
"empirical_full_alt_fit_logit_prob_seq_coeffs1_median","2.68"
"empirical_full_alt_fit_logit_prob_seq_coeffs1_lower","2.52"
"empirical_full_alt_fit_logit_prob_seq_coeffs1_upper","2.84"
"empirical_full_alt_fit_logit_prob_seq_coeffs1_bulk_ess","1949.32"
"empirical_full_alt_fit_logit_prob_seq_coeffs1_tail_ess","3238.59"
"empirical_full_alt_fit_logit_prob_seq_coeffs1_rhat","1"
"empirical_full_alt_fit_logit_prob_seq_coeffs2_median","0.84"
"empirical_full_alt_fit_logit_prob_seq_coeffs2_lower","0.74"
"empirical_full_alt_fit_logit_prob_seq_coeffs2_upper","0.94"
"empirical_full_alt_fit_logit_prob_seq_coeffs2_bulk_ess","1391.82"
"empirical_full_alt_fit_logit_prob_seq_coeffs2_tail_ess","2530.72"
"empirical_full_alt_fit_logit_prob_seq_coeffs2_rhat","1"
"empirical_full_alt_fit_logit_prob_seq_coeffs3_median","1.52"
"empirical_full_alt_fit_logit_prob_seq_coeffs3_lower","1.4"
"empirical_full_alt_fit_logit_prob_seq_coeffs3_upper","1.65"
"empirical_full_alt_fit_logit_prob_seq_coeffs3_bulk_ess","2138.08"
"empirical_full_alt_fit_logit_prob_seq_coeffs3_tail_ess","3570.24"
"empirical_full_alt_fit_logit_prob_seq_coeffs3_rhat","1"
"empirical_full_alt_fit_logit_prob_seq_ind_sd_median","1.5"
"empirical_full_alt_fit_logit_prob_seq_ind_sd_lower","1.44"
"empirical_full_alt_fit_logit_prob_seq_ind_sd_upper","1.57"
"empirical_full_alt_fit_logit_prob_seq_ind_sd_bulk_ess","4984.07"
"empirical_full_alt_fit_logit_prob_seq_ind_sd_tail_ess","5920.38"
"empirical_full_alt_fit_logit_prob_seq_ind_sd_rhat","1"
"empirical_full_alt_fit_logit_prob_MI_median","-2.76"
"empirical_full_alt_fit_logit_prob_MI_lower","-3"
"empirical_full_alt_fit_logit_prob_MI_upper","-2.54"
"empirical_full_alt_fit_logit_prob_MI_bulk_ess","7571.4"
"empirical_full_alt_fit_logit_prob_MI_tail_ess","5842.81"
"empirical_full_alt_fit_logit_prob_MI_rhat","1"
"empirical_full_alt_fit_logit_prob_MI_fpr_median","-5.83"
"empirical_full_alt_fit_logit_prob_MI_fpr_lower","-6.08"
"empirical_full_alt_fit_logit_prob_MI_fpr_upper","-5.58"
"empirical_full_alt_fit_logit_prob_MI_fpr_bulk_ess","4772.54"
"empirical_full_alt_fit_logit_prob_MI_fpr_tail_ess","6006.13"
"empirical_full_alt_fit_logit_prob_MI_fpr_rhat","1"
"empirical_full_alt_fit_logit_prob_MI_fnr_median","0.48"
"empirical_full_alt_fit_logit_prob_MI_fnr_lower","0.32"
"empirical_full_alt_fit_logit_prob_MI_fnr_upper","0.64"
"empirical_full_alt_fit_logit_prob_MI_fnr_bulk_ess","6901.83"
"empirical_full_alt_fit_logit_prob_MI_fnr_tail_ess","6604.32"
"empirical_full_alt_fit_logit_prob_MI_fnr_rhat","1"
"empirical_full_alt_n_participant_visits","2,000"
"empirical_seq_fit_prob_MI_fpr_median_percent","0.32"
"empirical_seq_fit_prob_MI_fpr_lower_percent","0.25"
"empirical_seq_fit_prob_MI_fpr_upper_percent","0.4"
"empirical_seq_fit_prob_MI_fnr_median_percent","57.14"
"empirical_seq_fit_prob_MI_fnr_lower_percent","52.8"
"empirical_seq_fit_prob_MI_fnr_upper_percent","61.31"
"empirical_seq_fit_risk_logit_prob_MI_coeffs1+logit_prob_MI_median_percent","4.76"
"empirical_seq_fit_risk_logit_prob_MI_coeffs1+logit_prob_MI_lower_percent","3.36"
"empirical_seq_fit_risk_logit_prob_MI_coeffs1+logit_prob_MI_upper_percent","6.21"
"empirical_seq_fit_risk_logit_prob_MI_median_percent","7.29"
"empirical_seq_fit_risk_logit_prob_MI_lower_percent","5.34"
"empirical_seq_fit_risk_logit_prob_MI_upper_percent","9.45"
"empirical_seq_fit_logit_prob_seq_baseline_median","-0.09"
"empirical_seq_fit_logit_prob_seq_baseline_lower","-0.19"
"empirical_seq_fit_logit_prob_seq_baseline_upper","0"
"empirical_seq_fit_logit_prob_seq_baseline_bulk_ess","525.87"
"empirical_seq_fit_logit_prob_seq_baseline_tail_ess","1229.28"
"empirical_seq_fit_logit_prob_seq_baseline_rhat","1"
"empirical_seq_fit_logit_prob_seq_coeffs1_median","2.61"
"empirical_seq_fit_logit_prob_seq_coeffs1_lower","2.46"
"empirical_seq_fit_logit_prob_seq_coeffs1_upper","2.78"
"empirical_seq_fit_logit_prob_seq_coeffs1_bulk_ess","657.52"
"empirical_seq_fit_logit_prob_seq_coeffs1_tail_ess","1460.72"
"empirical_seq_fit_logit_prob_seq_coeffs1_rhat","1"
"empirical_seq_fit_logit_prob_seq_coeffs2_median","0.86"
"empirical_seq_fit_logit_prob_seq_coeffs2_lower","0.76"
"empirical_seq_fit_logit_prob_seq_coeffs2_upper","0.95"
"empirical_seq_fit_logit_prob_seq_coeffs2_bulk_ess","646.06"
"empirical_seq_fit_logit_prob_seq_coeffs2_tail_ess","1269.78"
"empirical_seq_fit_logit_prob_seq_coeffs2_rhat","1"
"empirical_seq_fit_logit_prob_seq_coeffs3_median","1.52"
"empirical_seq_fit_logit_prob_seq_coeffs3_lower","1.39"
"empirical_seq_fit_logit_prob_seq_coeffs3_upper","1.64"
"empirical_seq_fit_logit_prob_seq_coeffs3_bulk_ess","942.2"
"empirical_seq_fit_logit_prob_seq_coeffs3_tail_ess","1762.16"
"empirical_seq_fit_logit_prob_seq_coeffs3_rhat","1"
"empirical_seq_fit_logit_prob_seq_ind_sd_median","1.52"
"empirical_seq_fit_logit_prob_seq_ind_sd_lower","1.45"
"empirical_seq_fit_logit_prob_seq_ind_sd_upper","1.59"
"empirical_seq_fit_logit_prob_seq_ind_sd_bulk_ess","2843.24"
"empirical_seq_fit_logit_prob_seq_ind_sd_tail_ess","4276.61"
"empirical_seq_fit_logit_prob_seq_ind_sd_rhat","1"
"empirical_seq_fit_logit_prob_MI_median","-2.54"
"empirical_seq_fit_logit_prob_MI_lower","-2.86"
"empirical_seq_fit_logit_prob_MI_upper","-2.25"
"empirical_seq_fit_logit_prob_MI_bulk_ess","3234"
"empirical_seq_fit_logit_prob_MI_tail_ess","5148.56"
"empirical_seq_fit_logit_prob_MI_rhat","1"
"empirical_seq_fit_logit_prob_MI_fpr_median","-5.73"
"empirical_seq_fit_logit_prob_MI_fpr_lower","-5.96"
"empirical_seq_fit_logit_prob_MI_fpr_upper","-5.5"
"empirical_seq_fit_logit_prob_MI_fpr_bulk_ess","3106.38"
"empirical_seq_fit_logit_prob_MI_fpr_tail_ess","4689.05"
"empirical_seq_fit_logit_prob_MI_fpr_rhat","1"
"empirical_seq_fit_logit_prob_MI_fnr_median","0.29"
"empirical_seq_fit_logit_prob_MI_fnr_lower","0.11"
"empirical_seq_fit_logit_prob_MI_fnr_upper","0.46"
"empirical_seq_fit_logit_prob_MI_fnr_bulk_ess","2888.58"
"empirical_seq_fit_logit_prob_MI_fnr_tail_ess","4248.63"
"empirical_seq_fit_logit_prob_MI_fnr_rhat","1"
"empirical_seq_fit_logit_prob_MI_coeffs1_median","-0.45"
"empirical_seq_fit_logit_prob_MI_coeffs1_lower","-0.87"
"empirical_seq_fit_logit_prob_MI_coeffs1_upper","-0.03"
"empirical_seq_fit_logit_prob_MI_coeffs1_bulk_ess","3981.07"
"empirical_seq_fit_logit_prob_MI_coeffs1_tail_ess","5737"
"empirical_seq_fit_logit_prob_MI_coeffs1_rhat","1"
"empirical_seq_fit_risk_logit_prob_MI_coeffs1+logit_prob_MI_median","0.05"
"empirical_seq_fit_risk_logit_prob_MI_coeffs1+logit_prob_MI_lower","0.03"
"empirical_seq_fit_risk_logit_prob_MI_coeffs1+logit_prob_MI_upper","0.06"
"empirical_seq_fit_risk_logit_prob_MI_coeffs1+logit_prob_MI_bulk_ess","6355.42"
"empirical_seq_fit_risk_logit_prob_MI_coeffs1+logit_prob_MI_tail_ess","5986.32"
"empirical_seq_fit_risk_logit_prob_MI_coeffs1+logit_prob_MI_rhat","1"
"empirical_seq_fit_rr_logit_prob_MI_coeffs1+logit_prob_MI:logit_prob_MI_median","0.65"
"empirical_seq_fit_rr_logit_prob_MI_coeffs1+logit_prob_MI:logit_prob_MI_lower","0.42"
"empirical_seq_fit_rr_logit_prob_MI_coeffs1+logit_prob_MI:logit_prob_MI_upper","0.94"
"empirical_seq_fit_rr_logit_prob_MI_coeffs1+logit_prob_MI:logit_prob_MI_bulk_ess","4017.89"
"empirical_seq_fit_rr_logit_prob_MI_coeffs1+logit_prob_MI:logit_prob_MI_tail_ess","5772.07"
"empirical_seq_fit_rr_logit_prob_MI_coeffs1+logit_prob_MI:logit_prob_MI_rhat","1"
"empirical_seq_fit_rr_logit_prob_MI_coeffs1+logit_prob_MI:logit_prob_MI_median","0.65"
"empirical_seq_fit_rr_logit_prob_MI_coeffs1+logit_prob_MI:logit_prob_MI_lower","0.42"
"empirical_seq_fit_rr_logit_prob_MI_coeffs1+logit_prob_MI:logit_prob_MI_upper","0.94"
"empirical_seq_fit_rr_logit_prob_MI_coeffs1+logit_prob_MI:logit_prob_MI_bulk_ess","4017.89"
"empirical_seq_fit_rr_logit_prob_MI_coeffs1+logit_prob_MI:logit_prob_MI_tail_ess","5772.07"
"empirical_seq_fit_rr_logit_prob_MI_coeffs1+logit_prob_MI:logit_prob_MI_rhat","1"
"empirical_seq_n_participant_visits","2,029"
"empirical_comm_fit_prob_MI_fpr_median_percent","0.32"
"empirical_comm_fit_prob_MI_fpr_lower_percent","0.25"
"empirical_comm_fit_prob_MI_fpr_upper_percent","0.39"
"empirical_comm_fit_prob_MI_fnr_median_percent","57.61"
"empirical_comm_fit_prob_MI_fnr_lower_percent","53.2"
"empirical_comm_fit_prob_MI_fnr_upper_percent","61.96"
"empirical_comm_fit_risk_logit_prob_MI_coeffs2+logit_prob_MI_median_percent","3.1"
"empirical_comm_fit_risk_logit_prob_MI_coeffs2+logit_prob_MI_lower_percent","1.8"
"empirical_comm_fit_risk_logit_prob_MI_coeffs2+logit_prob_MI_upper_percent","4.58"
"empirical_comm_fit_risk_logit_prob_MI_coeffs1+logit_prob_MI_median_percent","8.32"
"empirical_comm_fit_risk_logit_prob_MI_coeffs1+logit_prob_MI_lower_percent","6.11"
"empirical_comm_fit_risk_logit_prob_MI_coeffs1+logit_prob_MI_upper_percent","10.96"
"empirical_comm_fit_risk_logit_prob_MI_median_percent","4.05"
"empirical_comm_fit_risk_logit_prob_MI_lower_percent","2.24"
"empirical_comm_fit_risk_logit_prob_MI_upper_percent","6.31"
"empirical_comm_fit_logit_prob_seq_baseline_median","-0.09"
"empirical_comm_fit_logit_prob_seq_baseline_lower","-0.19"
"empirical_comm_fit_logit_prob_seq_baseline_upper","0.01"
"empirical_comm_fit_logit_prob_seq_baseline_bulk_ess","1146.2"
"empirical_comm_fit_logit_prob_seq_baseline_tail_ess","1814.41"
"empirical_comm_fit_logit_prob_seq_baseline_rhat","1"
"empirical_comm_fit_logit_prob_seq_coeffs1_median","2.61"
"empirical_comm_fit_logit_prob_seq_coeffs1_lower","2.46"
"empirical_comm_fit_logit_prob_seq_coeffs1_upper","2.78"
"empirical_comm_fit_logit_prob_seq_coeffs1_bulk_ess","1169.91"
"empirical_comm_fit_logit_prob_seq_coeffs1_tail_ess","2091.67"
"empirical_comm_fit_logit_prob_seq_coeffs1_rhat","1"
"empirical_comm_fit_logit_prob_seq_coeffs2_median","0.86"
"empirical_comm_fit_logit_prob_seq_coeffs2_lower","0.76"
"empirical_comm_fit_logit_prob_seq_coeffs2_upper","0.95"
"empirical_comm_fit_logit_prob_seq_coeffs2_bulk_ess","1305.16"
"empirical_comm_fit_logit_prob_seq_coeffs2_tail_ess","2202.41"
"empirical_comm_fit_logit_prob_seq_coeffs2_rhat","1"
"empirical_comm_fit_logit_prob_seq_coeffs3_median","1.51"
"empirical_comm_fit_logit_prob_seq_coeffs3_lower","1.38"
"empirical_comm_fit_logit_prob_seq_coeffs3_upper","1.64"
"empirical_comm_fit_logit_prob_seq_coeffs3_bulk_ess","2171.41"
"empirical_comm_fit_logit_prob_seq_coeffs3_tail_ess","3907.97"
"empirical_comm_fit_logit_prob_seq_coeffs3_rhat","1"
"empirical_comm_fit_logit_prob_seq_ind_sd_median","1.52"
"empirical_comm_fit_logit_prob_seq_ind_sd_lower","1.46"
"empirical_comm_fit_logit_prob_seq_ind_sd_upper","1.59"
"empirical_comm_fit_logit_prob_seq_ind_sd_bulk_ess","4013.69"
"empirical_comm_fit_logit_prob_seq_ind_sd_tail_ess","5383.67"
"empirical_comm_fit_logit_prob_seq_ind_sd_rhat","1"
"empirical_comm_fit_logit_prob_MI_median","-3.16"
"empirical_comm_fit_logit_prob_MI_lower","-3.73"
"empirical_comm_fit_logit_prob_MI_upper","-2.67"
"empirical_comm_fit_logit_prob_MI_bulk_ess","5543.81"
"empirical_comm_fit_logit_prob_MI_tail_ess","5487.07"
"empirical_comm_fit_logit_prob_MI_rhat","1"
"empirical_comm_fit_logit_prob_MI_fpr_median","-5.75"
"empirical_comm_fit_logit_prob_MI_fpr_lower","-5.99"
"empirical_comm_fit_logit_prob_MI_fpr_upper","-5.52"
"empirical_comm_fit_logit_prob_MI_fpr_bulk_ess","4828.24"
"empirical_comm_fit_logit_prob_MI_fpr_tail_ess","5368.65"
"empirical_comm_fit_logit_prob_MI_fpr_rhat","1"
"empirical_comm_fit_logit_prob_MI_fnr_median","0.31"
"empirical_comm_fit_logit_prob_MI_fnr_lower","0.13"
"empirical_comm_fit_logit_prob_MI_fnr_upper","0.49"
"empirical_comm_fit_logit_prob_MI_fnr_bulk_ess","4610.3"
"empirical_comm_fit_logit_prob_MI_fnr_tail_ess","6765.86"
"empirical_comm_fit_logit_prob_MI_fnr_rhat","1"
"empirical_comm_fit_logit_prob_MI_coeffs1_median","0.76"
"empirical_comm_fit_logit_prob_MI_coeffs1_lower","0.27"
"empirical_comm_fit_logit_prob_MI_coeffs1_upper","1.3"
"empirical_comm_fit_logit_prob_MI_coeffs1_bulk_ess","7418.81"
"empirical_comm_fit_logit_prob_MI_coeffs1_tail_ess","6411.46"
"empirical_comm_fit_logit_prob_MI_coeffs1_rhat","1"
"empirical_comm_fit_logit_prob_MI_coeffs2_median","-0.28"
"empirical_comm_fit_logit_prob_MI_coeffs2_lower","-0.7"
"empirical_comm_fit_logit_prob_MI_coeffs2_upper","0.17"
"empirical_comm_fit_logit_prob_MI_coeffs2_bulk_ess","7430"
"empirical_comm_fit_logit_prob_MI_coeffs2_tail_ess","5696.73"
"empirical_comm_fit_logit_prob_MI_coeffs2_rhat","1"
"empirical_comm_fit_risk_logit_prob_MI_coeffs2+logit_prob_MI_median","0.03"
"empirical_comm_fit_risk_logit_prob_MI_coeffs2+logit_prob_MI_lower","0.02"
"empirical_comm_fit_risk_logit_prob_MI_coeffs2+logit_prob_MI_upper","0.05"
"empirical_comm_fit_risk_logit_prob_MI_coeffs2+logit_prob_MI_bulk_ess","7471.05"
"empirical_comm_fit_risk_logit_prob_MI_coeffs2+logit_prob_MI_tail_ess","6915.7"
"empirical_comm_fit_risk_logit_prob_MI_coeffs2+logit_prob_MI_rhat","1"
"empirical_comm_fit_risk_logit_prob_MI_coeffs1+logit_prob_MI_median","0.08"
"empirical_comm_fit_risk_logit_prob_MI_coeffs1+logit_prob_MI_lower","0.06"
"empirical_comm_fit_risk_logit_prob_MI_coeffs1+logit_prob_MI_upper","0.11"
"empirical_comm_fit_risk_logit_prob_MI_coeffs1+logit_prob_MI_bulk_ess","6829.1"
"empirical_comm_fit_risk_logit_prob_MI_coeffs1+logit_prob_MI_tail_ess","6891.16"
"empirical_comm_fit_risk_logit_prob_MI_coeffs1+logit_prob_MI_rhat","1"
"empirical_comm_fit_rr_logit_prob_MI_coeffs2+logit_prob_MI:logit_prob_MI_median","0.76"
"empirical_comm_fit_rr_logit_prob_MI_coeffs2+logit_prob_MI:logit_prob_MI_lower","0.47"
"empirical_comm_fit_rr_logit_prob_MI_coeffs2+logit_prob_MI:logit_prob_MI_upper","1.1"
"empirical_comm_fit_rr_logit_prob_MI_coeffs2+logit_prob_MI:logit_prob_MI_bulk_ess","7472.95"
"empirical_comm_fit_rr_logit_prob_MI_coeffs2+logit_prob_MI:logit_prob_MI_tail_ess","5696.73"
"empirical_comm_fit_rr_logit_prob_MI_coeffs2+logit_prob_MI:logit_prob_MI_rhat","1"
"empirical_comm_fit_rr_logit_prob_MI_coeffs1+logit_prob_MI:logit_prob_MI_median","2.04"
"empirical_comm_fit_rr_logit_prob_MI_coeffs1+logit_prob_MI:logit_prob_MI_lower","1.15"
"empirical_comm_fit_rr_logit_prob_MI_coeffs1+logit_prob_MI:logit_prob_MI_upper","3.22"
"empirical_comm_fit_rr_logit_prob_MI_coeffs1+logit_prob_MI:logit_prob_MI_bulk_ess","7379.15"
"empirical_comm_fit_rr_logit_prob_MI_coeffs1+logit_prob_MI:logit_prob_MI_tail_ess","6331.35"
"empirical_comm_fit_rr_logit_prob_MI_coeffs1+logit_prob_MI:logit_prob_MI_rhat","1"
"empirical_comm_fit_rr_logit_prob_MI_coeffs2+logit_prob_MI:logit_prob_MI_median","0.76"
"empirical_comm_fit_rr_logit_prob_MI_coeffs2+logit_prob_MI:logit_prob_MI_lower","0.47"
"empirical_comm_fit_rr_logit_prob_MI_coeffs2+logit_prob_MI:logit_prob_MI_upper","1.1"
"empirical_comm_fit_rr_logit_prob_MI_coeffs2+logit_prob_MI:logit_prob_MI_bulk_ess","7472.95"
"empirical_comm_fit_rr_logit_prob_MI_coeffs2+logit_prob_MI:logit_prob_MI_tail_ess","5696.73"
"empirical_comm_fit_rr_logit_prob_MI_coeffs2+logit_prob_MI:logit_prob_MI_rhat","1"
"empirical_comm_fit_rr_logit_prob_MI_coeffs1+logit_prob_MI:logit_prob_MI_median","2.04"
"empirical_comm_fit_rr_logit_prob_MI_coeffs1+logit_prob_MI:logit_prob_MI_lower","1.15"
"empirical_comm_fit_rr_logit_prob_MI_coeffs1+logit_prob_MI:logit_prob_MI_upper","3.22"
"empirical_comm_fit_rr_logit_prob_MI_coeffs1+logit_prob_MI:logit_prob_MI_bulk_ess","7379.15"
"empirical_comm_fit_rr_logit_prob_MI_coeffs1+logit_prob_MI:logit_prob_MI_tail_ess","6331.35"
"empirical_comm_fit_rr_logit_prob_MI_coeffs1+logit_prob_MI:logit_prob_MI_rhat","1"
"empirical_comm_n_participant_visits","2,029"
"empirical_sexpever_men_fit_prob_MI_fpr_median_percent","0.27"
"empirical_sexpever_men_fit_prob_MI_fpr_lower_percent","0.19"
"empirical_sexpever_men_fit_prob_MI_fpr_upper_percent","0.36"
"empirical_sexpever_men_fit_prob_MI_fnr_median_percent","62.57"
"empirical_sexpever_men_fit_prob_MI_fnr_lower_percent","58.03"
"empirical_sexpever_men_fit_prob_MI_fnr_upper_percent","66.57"
"empirical_sexpever_men_fit_logit_prob_seq_baseline_median","0.03"
"empirical_sexpever_men_fit_logit_prob_seq_baseline_lower","-0.13"
"empirical_sexpever_men_fit_logit_prob_seq_baseline_upper","0.19"
"empirical_sexpever_men_fit_logit_prob_seq_baseline_bulk_ess","1339.58"
"empirical_sexpever_men_fit_logit_prob_seq_baseline_tail_ess","2427.25"
"empirical_sexpever_men_fit_logit_prob_seq_baseline_rhat","1"
"empirical_sexpever_men_fit_logit_prob_seq_coeffs1_median","2.78"
"empirical_sexpever_men_fit_logit_prob_seq_coeffs1_lower","2.55"
"empirical_sexpever_men_fit_logit_prob_seq_coeffs1_upper","3.02"
"empirical_sexpever_men_fit_logit_prob_seq_coeffs1_bulk_ess","1753.89"
"empirical_sexpever_men_fit_logit_prob_seq_coeffs1_tail_ess","3032.01"
"empirical_sexpever_men_fit_logit_prob_seq_coeffs1_rhat","1"
"empirical_sexpever_men_fit_logit_prob_seq_coeffs2_median","0.87"
"empirical_sexpever_men_fit_logit_prob_seq_coeffs2_lower","0.72"
"empirical_sexpever_men_fit_logit_prob_seq_coeffs2_upper","1.03"
"empirical_sexpever_men_fit_logit_prob_seq_coeffs2_bulk_ess","1543.34"
"empirical_sexpever_men_fit_logit_prob_seq_coeffs2_tail_ess","2738.45"
"empirical_sexpever_men_fit_logit_prob_seq_coeffs2_rhat","1"
"empirical_sexpever_men_fit_logit_prob_seq_coeffs3_median","1.45"
"empirical_sexpever_men_fit_logit_prob_seq_coeffs3_lower","1.27"
"empirical_sexpever_men_fit_logit_prob_seq_coeffs3_upper","1.63"
"empirical_sexpever_men_fit_logit_prob_seq_coeffs3_bulk_ess","2386.46"
"empirical_sexpever_men_fit_logit_prob_seq_coeffs3_tail_ess","4352.04"
"empirical_sexpever_men_fit_logit_prob_seq_coeffs3_rhat","1"
"empirical_sexpever_men_fit_logit_prob_seq_ind_sd_median","1.57"
"empirical_sexpever_men_fit_logit_prob_seq_ind_sd_lower","1.47"
"empirical_sexpever_men_fit_logit_prob_seq_ind_sd_upper","1.67"
"empirical_sexpever_men_fit_logit_prob_seq_ind_sd_bulk_ess","3828.27"
"empirical_sexpever_men_fit_logit_prob_seq_ind_sd_tail_ess","5678.22"
"empirical_sexpever_men_fit_logit_prob_seq_ind_sd_rhat","1"
"empirical_sexpever_men_fit_logit_prob_MI_median","-3.1"
"empirical_sexpever_men_fit_logit_prob_MI_lower","-3.93"
"empirical_sexpever_men_fit_logit_prob_MI_upper","-2.39"
"empirical_sexpever_men_fit_logit_prob_MI_bulk_ess","6078.09"
"empirical_sexpever_men_fit_logit_prob_MI_tail_ess","5053.03"
"empirical_sexpever_men_fit_logit_prob_MI_rhat","1"
"empirical_sexpever_men_fit_logit_prob_MI_fpr_median","-5.92"
"empirical_sexpever_men_fit_logit_prob_MI_fpr_lower","-6.25"
"empirical_sexpever_men_fit_logit_prob_MI_fpr_upper","-5.6"
"empirical_sexpever_men_fit_logit_prob_MI_fpr_bulk_ess","6534.59"
"empirical_sexpever_men_fit_logit_prob_MI_fpr_tail_ess","6058.7"
"empirical_sexpever_men_fit_logit_prob_MI_fpr_rhat","1"
"empirical_sexpever_men_fit_logit_prob_MI_fnr_median","0.51"
"empirical_sexpever_men_fit_logit_prob_MI_fnr_lower","0.32"
"empirical_sexpever_men_fit_logit_prob_MI_fnr_upper","0.69"
"empirical_sexpever_men_fit_logit_prob_MI_fnr_bulk_ess","7346.01"
"empirical_sexpever_men_fit_logit_prob_MI_fnr_tail_ess","5940.72"
"empirical_sexpever_men_fit_logit_prob_MI_fnr_rhat","1"
"empirical_sexpever_men_fit_logit_prob_MI_coeffs1_median","0.78"
"empirical_sexpever_men_fit_logit_prob_MI_coeffs1_lower","0.11"
"empirical_sexpever_men_fit_logit_prob_MI_coeffs1_upper","1.55"
"empirical_sexpever_men_fit_logit_prob_MI_coeffs1_bulk_ess","7428.5"
"empirical_sexpever_men_fit_logit_prob_MI_coeffs1_tail_ess","5205.68"
"empirical_sexpever_men_fit_logit_prob_MI_coeffs1_rhat","1"
"empirical_sexpever_men_fit_logit_prob_MI_coeffs2_median","-0.17"
"empirical_sexpever_men_fit_logit_prob_MI_coeffs2_lower","-0.72"
"empirical_sexpever_men_fit_logit_prob_MI_coeffs2_upper","0.38"
"empirical_sexpever_men_fit_logit_prob_MI_coeffs2_bulk_ess","9545.07"
"empirical_sexpever_men_fit_logit_prob_MI_coeffs2_tail_ess","6134.2"
"empirical_sexpever_men_fit_logit_prob_MI_coeffs2_rhat","1"
"empirical_sexpever_men_fit_logit_prob_MI_coeffs3_median","-0.01"
"empirical_sexpever_men_fit_logit_prob_MI_coeffs3_lower","-0.17"
"empirical_sexpever_men_fit_logit_prob_MI_coeffs3_upper","0.1"
"empirical_sexpever_men_fit_logit_prob_MI_coeffs3_bulk_ess","4917.47"
"empirical_sexpever_men_fit_logit_prob_MI_coeffs3_tail_ess","5644.04"
"empirical_sexpever_men_fit_logit_prob_MI_coeffs3_rhat","1"
"empirical_sexpever_men_fit_logit_prob_MI_coeffs4_median","0.03"
"empirical_sexpever_men_fit_logit_prob_MI_coeffs4_lower","0"
"empirical_sexpever_men_fit_logit_prob_MI_coeffs4_upper","0.07"
"empirical_sexpever_men_fit_logit_prob_MI_coeffs4_bulk_ess","4686.68"
"empirical_sexpever_men_fit_logit_prob_MI_coeffs4_tail_ess","5224.49"
"empirical_sexpever_men_fit_logit_prob_MI_coeffs4_rhat","1"
"empirical_sexpever_men_n_participant_visits","997"
"empirical_sexpever_men_complete_fit_prob_MI_fpr_median_percent","0.29"
"empirical_sexpever_men_complete_fit_prob_MI_fpr_lower_percent","0.16"
"empirical_sexpever_men_complete_fit_prob_MI_fpr_upper_percent","0.44"
"empirical_sexpever_men_complete_fit_prob_MI_fnr_median_percent","67.57"
"empirical_sexpever_men_complete_fit_prob_MI_fnr_lower_percent","60.2"
"empirical_sexpever_men_complete_fit_prob_MI_fnr_upper_percent","73.82"
"empirical_sexpever_men_complete_fit_logit_prob_seq_baseline_median","0.11"
"empirical_sexpever_men_complete_fit_logit_prob_seq_baseline_lower","-0.07"
"empirical_sexpever_men_complete_fit_logit_prob_seq_baseline_upper","0.31"
"empirical_sexpever_men_complete_fit_logit_prob_seq_baseline_bulk_ess","716.17"
"empirical_sexpever_men_complete_fit_logit_prob_seq_baseline_tail_ess","1357.05"
"empirical_sexpever_men_complete_fit_logit_prob_seq_baseline_rhat","1"
"empirical_sexpever_men_complete_fit_logit_prob_seq_coeffs1_median","2.38"
"empirical_sexpever_men_complete_fit_logit_prob_seq_coeffs1_lower","2.08"
"empirical_sexpever_men_complete_fit_logit_prob_seq_coeffs1_upper","2.7"
"empirical_sexpever_men_complete_fit_logit_prob_seq_coeffs1_bulk_ess","820.82"
"empirical_sexpever_men_complete_fit_logit_prob_seq_coeffs1_tail_ess","1636.68"
"empirical_sexpever_men_complete_fit_logit_prob_seq_coeffs1_rhat","1"
"empirical_sexpever_men_complete_fit_logit_prob_seq_coeffs2_median","0.93"
"empirical_sexpever_men_complete_fit_logit_prob_seq_coeffs2_lower","0.74"
"empirical_sexpever_men_complete_fit_logit_prob_seq_coeffs2_upper","1.11"
"empirical_sexpever_men_complete_fit_logit_prob_seq_coeffs2_bulk_ess","796.43"
"empirical_sexpever_men_complete_fit_logit_prob_seq_coeffs2_tail_ess","1657.19"
"empirical_sexpever_men_complete_fit_logit_prob_seq_coeffs2_rhat","1.01"
"empirical_sexpever_men_complete_fit_logit_prob_seq_coeffs3_median","1.2"
"empirical_sexpever_men_complete_fit_logit_prob_seq_coeffs3_lower","0.95"
"empirical_sexpever_men_complete_fit_logit_prob_seq_coeffs3_upper","1.45"
"empirical_sexpever_men_complete_fit_logit_prob_seq_coeffs3_bulk_ess","1066.29"
"empirical_sexpever_men_complete_fit_logit_prob_seq_coeffs3_tail_ess","2056.84"
"empirical_sexpever_men_complete_fit_logit_prob_seq_coeffs3_rhat","1"
"empirical_sexpever_men_complete_fit_logit_prob_seq_ind_sd_median","1.51"
"empirical_sexpever_men_complete_fit_logit_prob_seq_ind_sd_lower","1.38"
"empirical_sexpever_men_complete_fit_logit_prob_seq_ind_sd_upper","1.64"
"empirical_sexpever_men_complete_fit_logit_prob_seq_ind_sd_bulk_ess","2916.56"
"empirical_sexpever_men_complete_fit_logit_prob_seq_ind_sd_tail_ess","5210.72"
"empirical_sexpever_men_complete_fit_logit_prob_seq_ind_sd_rhat","1"
"empirical_sexpever_men_complete_fit_logit_prob_MI_median","-3.22"
"empirical_sexpever_men_complete_fit_logit_prob_MI_lower","-4.25"
"empirical_sexpever_men_complete_fit_logit_prob_MI_upper","-2.21"
"empirical_sexpever_men_complete_fit_logit_prob_MI_bulk_ess","2833.64"
"empirical_sexpever_men_complete_fit_logit_prob_MI_tail_ess","3766.81"
"empirical_sexpever_men_complete_fit_logit_prob_MI_rhat","1"
"empirical_sexpever_men_complete_fit_logit_prob_MI_fpr_median","-5.84"
"empirical_sexpever_men_complete_fit_logit_prob_MI_fpr_lower","-6.34"
"empirical_sexpever_men_complete_fit_logit_prob_MI_fpr_upper","-5.37"
"empirical_sexpever_men_complete_fit_logit_prob_MI_fpr_bulk_ess","3775.04"
"empirical_sexpever_men_complete_fit_logit_prob_MI_fpr_tail_ess","5281.16"
"empirical_sexpever_men_complete_fit_logit_prob_MI_fpr_rhat","1"
"empirical_sexpever_men_complete_fit_logit_prob_MI_fnr_median","0.73"
"empirical_sexpever_men_complete_fit_logit_prob_MI_fnr_lower","0.41"
"empirical_sexpever_men_complete_fit_logit_prob_MI_fnr_upper","1.04"
"empirical_sexpever_men_complete_fit_logit_prob_MI_fnr_bulk_ess","3562.87"
"empirical_sexpever_men_complete_fit_logit_prob_MI_fnr_tail_ess","5578.15"
"empirical_sexpever_men_complete_fit_logit_prob_MI_fnr_rhat","1"
"empirical_sexpever_men_complete_fit_logit_prob_MI_coeffs1_median","1.09"
"empirical_sexpever_men_complete_fit_logit_prob_MI_coeffs1_lower","0.15"
"empirical_sexpever_men_complete_fit_logit_prob_MI_coeffs1_upper","2.1"
"empirical_sexpever_men_complete_fit_logit_prob_MI_coeffs1_bulk_ess","3272.91"
"empirical_sexpever_men_complete_fit_logit_prob_MI_coeffs1_tail_ess","4008.3"
"empirical_sexpever_men_complete_fit_logit_prob_MI_coeffs1_rhat","1"
"empirical_sexpever_men_complete_fit_logit_prob_MI_coeffs2_median","-0.37"
"empirical_sexpever_men_complete_fit_logit_prob_MI_coeffs2_lower","-1.19"
"empirical_sexpever_men_complete_fit_logit_prob_MI_coeffs2_upper","0.41"
"empirical_sexpever_men_complete_fit_logit_prob_MI_coeffs2_bulk_ess","6469.05"
"empirical_sexpever_men_complete_fit_logit_prob_MI_coeffs2_tail_ess","5471.96"
"empirical_sexpever_men_complete_fit_logit_prob_MI_coeffs2_rhat","1"
"empirical_sexpever_men_complete_fit_logit_prob_MI_coeffs3_median","-0.02"
"empirical_sexpever_men_complete_fit_logit_prob_MI_coeffs3_lower","-0.19"
"empirical_sexpever_men_complete_fit_logit_prob_MI_coeffs3_upper","0.1"
"empirical_sexpever_men_complete_fit_logit_prob_MI_coeffs3_bulk_ess","5411.12"
"empirical_sexpever_men_complete_fit_logit_prob_MI_coeffs3_tail_ess","4042.59"
"empirical_sexpever_men_complete_fit_logit_prob_MI_coeffs3_rhat","1"
"empirical_sexpever_men_complete_fit_logit_prob_MI_coeffs4_median","0.03"
"empirical_sexpever_men_complete_fit_logit_prob_MI_coeffs4_lower","0"
"empirical_sexpever_men_complete_fit_logit_prob_MI_coeffs4_upper","0.07"
"empirical_sexpever_men_complete_fit_logit_prob_MI_coeffs4_bulk_ess","4007.77"
"empirical_sexpever_men_complete_fit_logit_prob_MI_coeffs4_tail_ess","4906.82"
"empirical_sexpever_men_complete_fit_logit_prob_MI_coeffs4_rhat","1"
"empirical_sexpever_men_complete_n_participant_visits","516"
"empirical_var_select_fit_prob_MI_fpr_median_percent","0.32"
"empirical_var_select_fit_prob_MI_fpr_lower_percent","0.25"
"empirical_var_select_fit_prob_MI_fpr_upper_percent","0.4"
"empirical_var_select_fit_prob_MI_fnr_median_percent","57.66"
"empirical_var_select_fit_prob_MI_fnr_lower_percent","53.07"
"empirical_var_select_fit_prob_MI_fnr_upper_percent","62.02"
"empirical_var_select_fit_risk_logit_prob_MI_coeffs7+logit_prob_MI_median_percent","10.09"
"empirical_var_select_fit_risk_logit_prob_MI_coeffs7+logit_prob_MI_lower_percent","0.63"
"empirical_var_select_fit_risk_logit_prob_MI_coeffs7+logit_prob_MI_upper_percent","30.36"
"empirical_var_select_fit_risk_logit_prob_MI_median_percent","4.41"
"empirical_var_select_fit_risk_logit_prob_MI_lower_percent","1.84"
"empirical_var_select_fit_risk_logit_prob_MI_upper_percent","6.94"
"empirical_var_select_fit_logit_prob_seq_baseline_median","-0.09"
"empirical_var_select_fit_logit_prob_seq_baseline_lower","-0.19"
"empirical_var_select_fit_logit_prob_seq_baseline_upper","0.02"
"empirical_var_select_fit_logit_prob_seq_baseline_bulk_ess","837.75"
"empirical_var_select_fit_logit_prob_seq_baseline_tail_ess","1484.8"
"empirical_var_select_fit_logit_prob_seq_baseline_rhat","1"
"empirical_var_select_fit_logit_prob_seq_coeffs1_median","2.63"
"empirical_var_select_fit_logit_prob_seq_coeffs1_lower","2.47"
"empirical_var_select_fit_logit_prob_seq_coeffs1_upper","2.79"
"empirical_var_select_fit_logit_prob_seq_coeffs1_bulk_ess","864.33"
"empirical_var_select_fit_logit_prob_seq_coeffs1_tail_ess","1965.51"
"empirical_var_select_fit_logit_prob_seq_coeffs1_rhat","1"
"empirical_var_select_fit_logit_prob_seq_coeffs2_median","0.87"
"empirical_var_select_fit_logit_prob_seq_coeffs2_lower","0.77"
"empirical_var_select_fit_logit_prob_seq_coeffs2_upper","0.97"
"empirical_var_select_fit_logit_prob_seq_coeffs2_bulk_ess","921.69"
"empirical_var_select_fit_logit_prob_seq_coeffs2_tail_ess","2317.86"
"empirical_var_select_fit_logit_prob_seq_coeffs2_rhat","1"
"empirical_var_select_fit_logit_prob_seq_coeffs3_median","1.52"
"empirical_var_select_fit_logit_prob_seq_coeffs3_lower","1.39"
"empirical_var_select_fit_logit_prob_seq_coeffs3_upper","1.65"
"empirical_var_select_fit_logit_prob_seq_coeffs3_bulk_ess","1126.56"
"empirical_var_select_fit_logit_prob_seq_coeffs3_tail_ess","2436.46"
"empirical_var_select_fit_logit_prob_seq_coeffs3_rhat","1"
"empirical_var_select_fit_logit_prob_seq_ind_sd_median","1.53"
"empirical_var_select_fit_logit_prob_seq_ind_sd_lower","1.47"
"empirical_var_select_fit_logit_prob_seq_ind_sd_upper","1.6"
"empirical_var_select_fit_logit_prob_seq_ind_sd_bulk_ess","3666.66"
"empirical_var_select_fit_logit_prob_seq_ind_sd_tail_ess","5360.88"
"empirical_var_select_fit_logit_prob_seq_ind_sd_rhat","1"
"empirical_var_select_fit_logit_prob_MI_median","-3.08"
"empirical_var_select_fit_logit_prob_MI_lower","-3.85"
"empirical_var_select_fit_logit_prob_MI_upper","-2.54"
"empirical_var_select_fit_logit_prob_MI_bulk_ess","2837.74"
"empirical_var_select_fit_logit_prob_MI_tail_ess","3621.39"
"empirical_var_select_fit_logit_prob_MI_rhat","1"
"empirical_var_select_fit_logit_prob_MI_fpr_median","-5.75"
"empirical_var_select_fit_logit_prob_MI_fpr_lower","-5.98"
"empirical_var_select_fit_logit_prob_MI_fpr_upper","-5.5"
"empirical_var_select_fit_logit_prob_MI_fpr_bulk_ess","3461.42"
"empirical_var_select_fit_logit_prob_MI_fpr_tail_ess","3211.9"
"empirical_var_select_fit_logit_prob_MI_fpr_rhat","1"
"empirical_var_select_fit_logit_prob_MI_fnr_median","0.31"
"empirical_var_select_fit_logit_prob_MI_fnr_lower","0.12"
"empirical_var_select_fit_logit_prob_MI_fnr_upper","0.49"
"empirical_var_select_fit_logit_prob_MI_fnr_bulk_ess","2332.48"
"empirical_var_select_fit_logit_prob_MI_fnr_tail_ess","1558.42"
"empirical_var_select_fit_logit_prob_MI_fnr_rhat","1"
"empirical_var_select_fit_logit_prob_MI_coeffs10_median","0.51"
"empirical_var_select_fit_logit_prob_MI_coeffs10_lower","-1.45"
"empirical_var_select_fit_logit_prob_MI_coeffs10_upper","2.17"
"empirical_var_select_fit_logit_prob_MI_coeffs10_bulk_ess","7534.95"
"empirical_var_select_fit_logit_prob_MI_coeffs10_tail_ess","5519.16"
"empirical_var_select_fit_logit_prob_MI_coeffs10_rhat","1"
"empirical_var_select_fit_logit_prob_MI_coeffs11_median","-0.22"
"empirical_var_select_fit_logit_prob_MI_coeffs11_lower","-2.03"
"empirical_var_select_fit_logit_prob_MI_coeffs11_upper","1.61"
"empirical_var_select_fit_logit_prob_MI_coeffs11_bulk_ess","9803.64"
"empirical_var_select_fit_logit_prob_MI_coeffs11_tail_ess","5049.68"
"empirical_var_select_fit_logit_prob_MI_coeffs11_rhat","1"
"empirical_var_select_fit_logit_prob_MI_coeffs12_median","-0.11"
"empirical_var_select_fit_logit_prob_MI_coeffs12_lower","-1.94"
"empirical_var_select_fit_logit_prob_MI_coeffs12_upper","1.61"
"empirical_var_select_fit_logit_prob_MI_coeffs12_bulk_ess","8748.38"
"empirical_var_select_fit_logit_prob_MI_coeffs12_tail_ess","5723.02"
"empirical_var_select_fit_logit_prob_MI_coeffs12_rhat","1"
"empirical_var_select_fit_logit_prob_MI_coeffs13_median","-0.13"
"empirical_var_select_fit_logit_prob_MI_coeffs13_lower","-1.88"
"empirical_var_select_fit_logit_prob_MI_coeffs13_upper","1.82"
"empirical_var_select_fit_logit_prob_MI_coeffs13_bulk_ess","9484.22"
"empirical_var_select_fit_logit_prob_MI_coeffs13_tail_ess","5096.83"
"empirical_var_select_fit_logit_prob_MI_coeffs13_rhat","1"
"empirical_var_select_fit_logit_prob_MI_coeffs14_median","0.08"
"empirical_var_select_fit_logit_prob_MI_coeffs14_lower","-1.74"
"empirical_var_select_fit_logit_prob_MI_coeffs14_upper","1.92"
"empirical_var_select_fit_logit_prob_MI_coeffs14_bulk_ess","9985.91"
"empirical_var_select_fit_logit_prob_MI_coeffs14_tail_ess","5681.09"
"empirical_var_select_fit_logit_prob_MI_coeffs14_rhat","1"
"empirical_var_select_fit_logit_prob_MI_coeffs15_median","-0.22"
"empirical_var_select_fit_logit_prob_MI_coeffs15_lower","-2.07"
"empirical_var_select_fit_logit_prob_MI_coeffs15_upper","1.73"
"empirical_var_select_fit_logit_prob_MI_coeffs15_bulk_ess","9836.26"
"empirical_var_select_fit_logit_prob_MI_coeffs15_tail_ess","4971.93"
"empirical_var_select_fit_logit_prob_MI_coeffs15_rhat","1"
"empirical_var_select_fit_logit_prob_MI_coeffs16_median","0.31"
"empirical_var_select_fit_logit_prob_MI_coeffs16_lower","-1.55"
"empirical_var_select_fit_logit_prob_MI_coeffs16_upper","2.14"
"empirical_var_select_fit_logit_prob_MI_coeffs16_bulk_ess","9661.67"
"empirical_var_select_fit_logit_prob_MI_coeffs16_tail_ess","5842.42"
"empirical_var_select_fit_logit_prob_MI_coeffs16_rhat","1"
"empirical_var_select_fit_logit_prob_MI_coeffs17_median","0.19"
"empirical_var_select_fit_logit_prob_MI_coeffs17_lower","-1.63"
"empirical_var_select_fit_logit_prob_MI_coeffs17_upper","2.11"
"empirical_var_select_fit_logit_prob_MI_coeffs17_bulk_ess","11364.92"
"empirical_var_select_fit_logit_prob_MI_coeffs17_tail_ess","5941.12"
"empirical_var_select_fit_logit_prob_MI_coeffs17_rhat","1"
"empirical_var_select_fit_logit_prob_MI_coeffs18_median","0.22"
"empirical_var_select_fit_logit_prob_MI_coeffs18_lower","-1.59"
"empirical_var_select_fit_logit_prob_MI_coeffs18_upper","2.06"
"empirical_var_select_fit_logit_prob_MI_coeffs18_bulk_ess","11295.15"
"empirical_var_select_fit_logit_prob_MI_coeffs18_tail_ess","5991.19"
"empirical_var_select_fit_logit_prob_MI_coeffs18_rhat","1"
"empirical_var_select_fit_logit_prob_MI_coeffs19_median","-0.06"
"empirical_var_select_fit_logit_prob_MI_coeffs19_lower","-1.99"
"empirical_var_select_fit_logit_prob_MI_coeffs19_upper","1.81"
"empirical_var_select_fit_logit_prob_MI_coeffs19_bulk_ess","10608.96"
"empirical_var_select_fit_logit_prob_MI_coeffs19_tail_ess","4865.76"
"empirical_var_select_fit_logit_prob_MI_coeffs19_rhat","1"
"empirical_var_select_fit_logit_prob_MI_coeffs1_median","0.38"
"empirical_var_select_fit_logit_prob_MI_coeffs1_lower","-1.49"
"empirical_var_select_fit_logit_prob_MI_coeffs1_upper","2.11"
"empirical_var_select_fit_logit_prob_MI_coeffs1_bulk_ess","10323.98"
"empirical_var_select_fit_logit_prob_MI_coeffs1_tail_ess","6012.37"
"empirical_var_select_fit_logit_prob_MI_coeffs1_rhat","1"
"empirical_var_select_fit_logit_prob_MI_coeffs20_median","-0.07"
"empirical_var_select_fit_logit_prob_MI_coeffs20_lower","-1.78"
"empirical_var_select_fit_logit_prob_MI_coeffs20_upper","1.83"
"empirical_var_select_fit_logit_prob_MI_coeffs20_bulk_ess","9552.33"
"empirical_var_select_fit_logit_prob_MI_coeffs20_tail_ess","5707.61"
"empirical_var_select_fit_logit_prob_MI_coeffs20_rhat","1"
"empirical_var_select_fit_logit_prob_MI_coeffs2_median","0.06"
"empirical_var_select_fit_logit_prob_MI_coeffs2_lower","-1.8"
"empirical_var_select_fit_logit_prob_MI_coeffs2_upper","1.88"
"empirical_var_select_fit_logit_prob_MI_coeffs2_bulk_ess","3958.64"
"empirical_var_select_fit_logit_prob_MI_coeffs2_tail_ess","1588.45"
"empirical_var_select_fit_logit_prob_MI_coeffs2_rhat","1"
"empirical_var_select_fit_logit_prob_MI_coeffs3_median","-0.15"
"empirical_var_select_fit_logit_prob_MI_coeffs3_lower","-1.91"
"empirical_var_select_fit_logit_prob_MI_coeffs3_upper","1.63"
"empirical_var_select_fit_logit_prob_MI_coeffs3_bulk_ess","8762.22"
"empirical_var_select_fit_logit_prob_MI_coeffs3_tail_ess","4641.44"
"empirical_var_select_fit_logit_prob_MI_coeffs3_rhat","1"
"empirical_var_select_fit_logit_prob_MI_coeffs4_median","-0.07"
"empirical_var_select_fit_logit_prob_MI_coeffs4_lower","-1.77"
"empirical_var_select_fit_logit_prob_MI_coeffs4_upper","1.8"
"empirical_var_select_fit_logit_prob_MI_coeffs4_bulk_ess","9371.44"
"empirical_var_select_fit_logit_prob_MI_coeffs4_tail_ess","5301.58"
"empirical_var_select_fit_logit_prob_MI_coeffs4_rhat","1"
"empirical_var_select_fit_logit_prob_MI_coeffs5_median","-0.33"
"empirical_var_select_fit_logit_prob_MI_coeffs5_lower","-2.06"
"empirical_var_select_fit_logit_prob_MI_coeffs5_upper","1.79"
"empirical_var_select_fit_logit_prob_MI_coeffs5_bulk_ess","9790.44"
"empirical_var_select_fit_logit_prob_MI_coeffs5_tail_ess","4921.67"
"empirical_var_select_fit_logit_prob_MI_coeffs5_rhat","1"
"empirical_var_select_fit_logit_prob_MI_coeffs6_median","-0.21"
"empirical_var_select_fit_logit_prob_MI_coeffs6_lower","-2.17"
"empirical_var_select_fit_logit_prob_MI_coeffs6_upper","1.55"
"empirical_var_select_fit_logit_prob_MI_coeffs6_bulk_ess","10119.12"
"empirical_var_select_fit_logit_prob_MI_coeffs6_tail_ess","5759.28"
"empirical_var_select_fit_logit_prob_MI_coeffs6_rhat","1"
"empirical_var_select_fit_logit_prob_MI_coeffs7_median","0.98"
"empirical_var_select_fit_logit_prob_MI_coeffs7_lower","-0.93"
"empirical_var_select_fit_logit_prob_MI_coeffs7_upper","2.71"
"empirical_var_select_fit_logit_prob_MI_coeffs7_bulk_ess","4424.74"
"empirical_var_select_fit_logit_prob_MI_coeffs7_tail_ess","4850.89"
"empirical_var_select_fit_logit_prob_MI_coeffs7_rhat","1"
"empirical_var_select_fit_logit_prob_MI_coeffs8_median","-0.23"
"empirical_var_select_fit_logit_prob_MI_coeffs8_lower","-1.98"
"empirical_var_select_fit_logit_prob_MI_coeffs8_upper","1.58"
"empirical_var_select_fit_logit_prob_MI_coeffs8_bulk_ess","9262.34"
"empirical_var_select_fit_logit_prob_MI_coeffs8_tail_ess","5770.23"
"empirical_var_select_fit_logit_prob_MI_coeffs8_rhat","1"
"empirical_var_select_fit_logit_prob_MI_coeffs9_median","-0.15"
"empirical_var_select_fit_logit_prob_MI_coeffs9_lower","-2.09"
"empirical_var_select_fit_logit_prob_MI_coeffs9_upper","1.79"
"empirical_var_select_fit_logit_prob_MI_coeffs9_bulk_ess","3857.47"
"empirical_var_select_fit_logit_prob_MI_coeffs9_tail_ess","1542.93"
"empirical_var_select_fit_logit_prob_MI_coeffs9_rhat","1"
"empirical_var_select_fit_risk_logit_prob_MI_coeffs7+logit_prob_MI_median","0.1"
"empirical_var_select_fit_risk_logit_prob_MI_coeffs7+logit_prob_MI_lower","0.01"
"empirical_var_select_fit_risk_logit_prob_MI_coeffs7+logit_prob_MI_upper","0.3"
"empirical_var_select_fit_risk_logit_prob_MI_coeffs7+logit_prob_MI_bulk_ess","5752.88"
"empirical_var_select_fit_risk_logit_prob_MI_coeffs7+logit_prob_MI_tail_ess","5164.51"
"empirical_var_select_fit_risk_logit_prob_MI_coeffs7+logit_prob_MI_rhat","1"
"empirical_var_select_fit_rr_logit_prob_MI_coeffs7+logit_prob_MI:logit_prob_MI_median","2.49"
"empirical_var_select_fit_rr_logit_prob_MI_coeffs7+logit_prob_MI:logit_prob_MI_lower","0.12"
"empirical_var_select_fit_rr_logit_prob_MI_coeffs7+logit_prob_MI:logit_prob_MI_upper","7.63"
"empirical_var_select_fit_rr_logit_prob_MI_coeffs7+logit_prob_MI:logit_prob_MI_bulk_ess","4267.41"
"empirical_var_select_fit_rr_logit_prob_MI_coeffs7+logit_prob_MI:logit_prob_MI_tail_ess","4929.52"
"empirical_var_select_fit_rr_logit_prob_MI_coeffs7+logit_prob_MI:logit_prob_MI_rhat","1"
"empirical_var_select_fit_w10_median","0.04"
"empirical_var_select_fit_w10_lower","-0.15"
"empirical_var_select_fit_w10_upper","0.58"
"empirical_var_select_fit_w10_bulk_ess","3314.58"
"empirical_var_select_fit_w10_tail_ess","1522.5"
"empirical_var_select_fit_w10_rhat","1"
"empirical_var_select_fit_w11_median","-0.01"
"empirical_var_select_fit_w11_lower","-0.5"
"empirical_var_select_fit_w11_upper","0.29"
"empirical_var_select_fit_w11_bulk_ess","7415.64"
"empirical_var_select_fit_w11_tail_ess","5418.41"
"empirical_var_select_fit_w11_rhat","1"
"empirical_var_select_fit_w12_median","0"
"empirical_var_select_fit_w12_lower","-0.33"
"empirical_var_select_fit_w12_upper","0.22"
"empirical_var_select_fit_w12_bulk_ess","7880.17"
"empirical_var_select_fit_w12_tail_ess","7198.54"
"empirical_var_select_fit_w12_rhat","1"
"empirical_var_select_fit_w13_median","0"
"empirical_var_select_fit_w13_lower","-0.42"
"empirical_var_select_fit_w13_upper","0.3"
"empirical_var_select_fit_w13_bulk_ess","7488.31"
"empirical_var_select_fit_w13_tail_ess","4936.84"
"empirical_var_select_fit_w13_rhat","1"
"empirical_var_select_fit_w14_median","0"
"empirical_var_select_fit_w14_lower","-0.26"
"empirical_var_select_fit_w14_upper","0.3"
"empirical_var_select_fit_w14_bulk_ess","9362.47"
"empirical_var_select_fit_w14_tail_ess","7388.62"
"empirical_var_select_fit_w14_rhat","1"
"empirical_var_select_fit_w15_median","-0.01"
"empirical_var_select_fit_w15_lower","-0.59"
"empirical_var_select_fit_w15_upper","0.32"
"empirical_var_select_fit_w15_bulk_ess","4871.52"
"empirical_var_select_fit_w15_tail_ess","1575.23"
"empirical_var_select_fit_w15_rhat","1"
"empirical_var_select_fit_w16_median","0.02"
"empirical_var_select_fit_w16_lower","-0.18"
"empirical_var_select_fit_w16_upper","0.47"
"empirical_var_select_fit_w16_bulk_ess","7563.45"
"empirical_var_select_fit_w16_tail_ess","7515.7"
"empirical_var_select_fit_w16_rhat","1"
"empirical_var_select_fit_w17_median","0.01"
"empirical_var_select_fit_w17_lower","-0.32"
"empirical_var_select_fit_w17_upper","0.48"
"empirical_var_select_fit_w17_bulk_ess","5595.16"
"empirical_var_select_fit_w17_tail_ess","4250.7"
"empirical_var_select_fit_w17_rhat","1"
"empirical_var_select_fit_w18_median","0.01"
"empirical_var_select_fit_w18_lower","-0.23"
"empirical_var_select_fit_w18_upper","0.42"
"empirical_var_select_fit_w18_bulk_ess","8559.46"
"empirical_var_select_fit_w18_tail_ess","6865.78"
"empirical_var_select_fit_w18_rhat","1"
"empirical_var_select_fit_w19_median","0"
"empirical_var_select_fit_w19_lower","-0.45"
"empirical_var_select_fit_w19_upper","0.36"
"empirical_var_select_fit_w19_bulk_ess","8079.66"
"empirical_var_select_fit_w19_tail_ess","6377.58"
"empirical_var_select_fit_w19_rhat","1"
"empirical_var_select_fit_w1_median","0.02"
"empirical_var_select_fit_w1_lower","-0.18"
"empirical_var_select_fit_w1_upper","0.45"
"empirical_var_select_fit_w1_bulk_ess","7245.51"
"empirical_var_select_fit_w1_tail_ess","7140.83"
"empirical_var_select_fit_w1_rhat","1"
"empirical_var_select_fit_w20_median","0"
"empirical_var_select_fit_w20_lower","-0.32"
"empirical_var_select_fit_w20_upper","0.24"
"empirical_var_select_fit_w20_bulk_ess","5655.2"
"empirical_var_select_fit_w20_tail_ess","1593.87"
"empirical_var_select_fit_w20_rhat","1"
"empirical_var_select_fit_w2_median","0"
"empirical_var_select_fit_w2_lower","-0.32"
"empirical_var_select_fit_w2_upper","0.31"
"empirical_var_select_fit_w2_bulk_ess","5964.5"
"empirical_var_select_fit_w2_tail_ess","1549.83"
"empirical_var_select_fit_w2_rhat","1"
"empirical_var_select_fit_w3_median","-0.01"
"empirical_var_select_fit_w3_lower","-0.32"
"empirical_var_select_fit_w3_upper","0.24"
"empirical_var_select_fit_w3_bulk_ess","8421.54"
"empirical_var_select_fit_w3_tail_ess","6564.58"
"empirical_var_select_fit_w3_rhat","1"
"empirical_var_select_fit_w4_median","0"
"empirical_var_select_fit_w4_lower","-0.3"
"empirical_var_select_fit_w4_upper","0.26"
"empirical_var_select_fit_w4_bulk_ess","8990.45"
"empirical_var_select_fit_w4_tail_ess","7144.04"
"empirical_var_select_fit_w4_rhat","1"
"empirical_var_select_fit_w5_median","-0.02"
"empirical_var_select_fit_w5_lower","-0.8"
"empirical_var_select_fit_w5_upper","0.33"
"empirical_var_select_fit_w5_bulk_ess","5241.28"
"empirical_var_select_fit_w5_tail_ess","5275.69"
"empirical_var_select_fit_w5_rhat","1"
"empirical_var_select_fit_w6_median","-0.01"
"empirical_var_select_fit_w6_lower","-0.4"
"empirical_var_select_fit_w6_upper","0.21"
"empirical_var_select_fit_w6_bulk_ess","8738.47"
"empirical_var_select_fit_w6_tail_ess","7427.83"
"empirical_var_select_fit_w6_rhat","1"
"empirical_var_select_fit_w7_median","0.3"
"empirical_var_select_fit_w7_lower","-0.11"
"empirical_var_select_fit_w7_upper","1.22"
"empirical_var_select_fit_w7_bulk_ess","2090.19"
"empirical_var_select_fit_w7_tail_ess","4116.45"
"empirical_var_select_fit_w7_rhat","1"
"empirical_var_select_fit_w8_median","-0.01"
"empirical_var_select_fit_w8_lower","-0.39"
"empirical_var_select_fit_w8_upper","0.2"
"empirical_var_select_fit_w8_bulk_ess","8077.58"
"empirical_var_select_fit_w8_tail_ess","6284.62"
"empirical_var_select_fit_w8_rhat","1"
"empirical_var_select_fit_w9_median","-0.01"
"empirical_var_select_fit_w9_lower","-0.43"
"empirical_var_select_fit_w9_upper","0.31"
"empirical_var_select_fit_w9_bulk_ess","7324.33"
"empirical_var_select_fit_w9_tail_ess","6642.86"
"empirical_var_select_fit_w9_rhat","1"
"empirical_var_select_fit_tau_median","0.13"
"empirical_var_select_fit_tau_lower","0"
"empirical_var_select_fit_tau_upper","0.33"
"empirical_var_select_fit_tau_bulk_ess","2490.43"
"empirical_var_select_fit_tau_tail_ess","3529.27"
"empirical_var_select_fit_tau_rhat","1"
"empirical_var_select_fit_lambda10_median","0.93"
"empirical_var_select_fit_lambda10_lower","0"
"empirical_var_select_fit_lambda10_upper","4.44"
"empirical_var_select_fit_lambda10_bulk_ess","3591.49"
"empirical_var_select_fit_lambda10_tail_ess","3176.66"
"empirical_var_select_fit_lambda10_rhat","1"
"empirical_var_select_fit_lambda11_median","0.78"
"empirical_var_select_fit_lambda11_lower","0"
"empirical_var_select_fit_lambda11_upper","3.69"
"empirical_var_select_fit_lambda11_bulk_ess","4937.19"
"empirical_var_select_fit_lambda11_tail_ess","3571.01"
"empirical_var_select_fit_lambda11_rhat","1"
"empirical_var_select_fit_lambda12_median","0.68"
"empirical_var_select_fit_lambda12_lower","0"
"empirical_var_select_fit_lambda12_upper","3"
"empirical_var_select_fit_lambda12_bulk_ess","4362.46"
"empirical_var_select_fit_lambda12_tail_ess","1313.24"
"empirical_var_select_fit_lambda12_rhat","1"
"empirical_var_select_fit_lambda13_median","0.74"
"empirical_var_select_fit_lambda13_lower","0"
"empirical_var_select_fit_lambda13_upper","3.43"
"empirical_var_select_fit_lambda13_bulk_ess","4566.12"
"empirical_var_select_fit_lambda13_tail_ess","2842.43"
"empirical_var_select_fit_lambda13_rhat","1"
"empirical_var_select_fit_lambda14_median","0.69"
"empirical_var_select_fit_lambda14_lower","0"
"empirical_var_select_fit_lambda14_upper","3.07"
"empirical_var_select_fit_lambda14_bulk_ess","5724.75"
"empirical_var_select_fit_lambda14_tail_ess","3701.21"
"empirical_var_select_fit_lambda14_rhat","1"
"empirical_var_select_fit_lambda15_median","0.8"
"empirical_var_select_fit_lambda15_lower","0"
"empirical_var_select_fit_lambda15_upper","3.84"
"empirical_var_select_fit_lambda15_bulk_ess","4790.29"
"empirical_var_select_fit_lambda15_tail_ess","4245.85"
"empirical_var_select_fit_lambda15_rhat","1"
"empirical_var_select_fit_lambda16_median","0.79"
"empirical_var_select_fit_lambda16_lower","0"
"empirical_var_select_fit_lambda16_upper","3.46"
"empirical_var_select_fit_lambda16_bulk_ess","3647.84"
"empirical_var_select_fit_lambda16_tail_ess","2712.66"
"empirical_var_select_fit_lambda16_rhat","1"
"empirical_var_select_fit_lambda17_median","0.77"
"empirical_var_select_fit_lambda17_lower","0"
"empirical_var_select_fit_lambda17_upper","3.43"
"empirical_var_select_fit_lambda17_bulk_ess","5954.65"
"empirical_var_select_fit_lambda17_tail_ess","4227.72"
"empirical_var_select_fit_lambda17_rhat","1"
"empirical_var_select_fit_lambda18_median","0.76"
"empirical_var_select_fit_lambda18_lower","0"
"empirical_var_select_fit_lambda18_upper","3.28"
"empirical_var_select_fit_lambda18_bulk_ess","5410.16"
"empirical_var_select_fit_lambda18_tail_ess","4099.88"
"empirical_var_select_fit_lambda18_rhat","1"
"empirical_var_select_fit_lambda19_median","0.76"
"empirical_var_select_fit_lambda19_lower","0"
"empirical_var_select_fit_lambda19_upper","3.82"
"empirical_var_select_fit_lambda19_bulk_ess","5667.42"
"empirical_var_select_fit_lambda19_tail_ess","3895.84"
"empirical_var_select_fit_lambda19_rhat","1"
"empirical_var_select_fit_lambda1_median","0.8"
"empirical_var_select_fit_lambda1_lower","0"
"empirical_var_select_fit_lambda1_upper","3.64"
"empirical_var_select_fit_lambda1_bulk_ess","5527.61"
"empirical_var_select_fit_lambda1_tail_ess","4198.86"
"empirical_var_select_fit_lambda1_rhat","1"
"empirical_var_select_fit_lambda20_median","0.69"
"empirical_var_select_fit_lambda20_lower","0"
"empirical_var_select_fit_lambda20_upper","2.99"
"empirical_var_select_fit_lambda20_bulk_ess","5903.18"
"empirical_var_select_fit_lambda20_tail_ess","3498.75"
"empirical_var_select_fit_lambda20_rhat","1"
"empirical_var_select_fit_lambda2_median","0.71"
"empirical_var_select_fit_lambda2_lower","0"
"empirical_var_select_fit_lambda2_upper","3.16"
"empirical_var_select_fit_lambda2_bulk_ess","5530.84"
"empirical_var_select_fit_lambda2_tail_ess","4354.07"
"empirical_var_select_fit_lambda2_rhat","1"
"empirical_var_select_fit_lambda3_median","0.7"
"empirical_var_select_fit_lambda3_lower","0"
"empirical_var_select_fit_lambda3_upper","3.17"
"empirical_var_select_fit_lambda3_bulk_ess","5619.71"
"empirical_var_select_fit_lambda3_tail_ess","4028.1"
"empirical_var_select_fit_lambda3_rhat","1"
"empirical_var_select_fit_lambda4_median","0.7"
"empirical_var_select_fit_lambda4_lower","0"
"empirical_var_select_fit_lambda4_upper","3.16"
"empirical_var_select_fit_lambda4_bulk_ess","5339.12"
"empirical_var_select_fit_lambda4_tail_ess","4298.68"
"empirical_var_select_fit_lambda4_rhat","1"
"empirical_var_select_fit_lambda5_median","0.87"
"empirical_var_select_fit_lambda5_lower","0"
"empirical_var_select_fit_lambda5_upper","4.74"
"empirical_var_select_fit_lambda5_bulk_ess","4017.01"
"empirical_var_select_fit_lambda5_tail_ess","3410.4"
"empirical_var_select_fit_lambda5_rhat","1"
"empirical_var_select_fit_lambda6_median","0.73"
"empirical_var_select_fit_lambda6_lower","0"
"empirical_var_select_fit_lambda6_upper","3.24"
"empirical_var_select_fit_lambda6_bulk_ess","5385.23"
"empirical_var_select_fit_lambda6_tail_ess","4137.06"
"empirical_var_select_fit_lambda6_rhat","1"
"empirical_var_select_fit_lambda7_median","1.91"
"empirical_var_select_fit_lambda7_lower","0"
"empirical_var_select_fit_lambda7_upper","11.22"
"empirical_var_select_fit_lambda7_bulk_ess","1908.35"
"empirical_var_select_fit_lambda7_tail_ess","1348.64"
"empirical_var_select_fit_lambda7_rhat","1"
"empirical_var_select_fit_lambda8_median","0.71"
"empirical_var_select_fit_lambda8_lower","0"
"empirical_var_select_fit_lambda8_upper","3.24"
"empirical_var_select_fit_lambda8_bulk_ess","3990.62"
"empirical_var_select_fit_lambda8_tail_ess","3145.32"
"empirical_var_select_fit_lambda8_rhat","1"
"empirical_var_select_fit_lambda9_median","0.76"
"empirical_var_select_fit_lambda9_lower","0"
"empirical_var_select_fit_lambda9_upper","3.46"
"empirical_var_select_fit_lambda9_bulk_ess","3943.2"
"empirical_var_select_fit_lambda9_tail_ess","3327.54"
"empirical_var_select_fit_lambda9_rhat","1"
"empirical_var_select_fit_rr_logit_prob_MI_coeffs7+logit_prob_MI:logit_prob_MI_median","2.49"
"empirical_var_select_fit_rr_logit_prob_MI_coeffs7+logit_prob_MI:logit_prob_MI_lower","0.12"
"empirical_var_select_fit_rr_logit_prob_MI_coeffs7+logit_prob_MI:logit_prob_MI_upper","7.63"
"empirical_var_select_fit_rr_logit_prob_MI_coeffs7+logit_prob_MI:logit_prob_MI_bulk_ess","4267.41"
"empirical_var_select_fit_rr_logit_prob_MI_coeffs7+logit_prob_MI:logit_prob_MI_tail_ess","4929.52"
"empirical_var_select_fit_rr_logit_prob_MI_coeffs7+logit_prob_MI:logit_prob_MI_rhat","1"
"empirical_var_select_n_participant_visits","1,970"
"all_unique_n_corr","1"
"all_unique_mi_corr","0.97"
"unique_unique_alt_n_corr","0.99"
"unique_unique_alt_mi_corr","0.94"
"n_unique_N_obs_gt_0","2,029"
"p_unique_N_obs_gt_0","79.54"
"median_unique_N_obs","20"
"iqr_unique_N_obs","17"
"median_unique_N_obs_bp","5000"
"iqr_unique_N_obs_bp","4250"
"median_unique_N_obs_3_3.5","9"
"iqr_unique_N_obs_3_3.5","12"
"median_unique_N_obs_5_inf","29"
"iqr_unique_N_obs_5_inf","5"
"median_unique_N_obs_bc","27"
"iqr_unique_N_obs_bc","9"
"median_unique_N_obs_amp","13"
"iqr_unique_N_obs_amp","13"
"n_unique_MI_obs_gt_0","180"
"p_unique_MI_obs_gt_0","8.87"
"p_unique_MI_obs_0","91.13"
"n_unique_MI_obs_gt_0_N_obs_29","52"
"n_unique_N_obs_29","424"
"p_unique_MI_obs_gt_0_N_obs_29","12.26"
"n_unique_MI_obs_gt_0_N_obs_lt_29","128"
"n_unique_N_obs_lt_29","1605"
"p_unique_MI_obs_gt_0_N_obs_lt_29","7.98"
"n_unique_participants_N_obs_gt_0","2,029"
"n_unique_MI_obs_median","2"
"n_unique_MI_obs_iqr","3"
"p_unique_N_obs_w_MI_obs_median","11.11"
"p_unique_N_obs_w_MI_obs_iqr","19.14"
"median_multi_subgraph_dist","0.19"
"iqr_multi_subgraph_dist","0.17"
"n_men_par_sexpeverNum","516"
"p_men_par_sexpeverNum","51.76"
"n_men_par_sexpeverMany","477"
"p_men_par_sexpeverMany","47.84"
"n_men_par_sexpeverMissing","4"
"p_men_par_sexpeverMissing","0.4"
"ext_ext_prob_MI_log_or","0.75"
"p_amplicon_fishing","76.02"
"p_bait_fishing","50.45"
"empirical_full_fit_ind_prob_MI_ge_50_median","94"
"empirical_full_fit_ind_prob_MI_ge_50_median_percent","4.63"
"empirical_full_fit_ind_prob_MI_ge_empirical_median","117"
"empirical_full_fit_ind_prob_MI_empirical_median_percent","3.1"
"empirical_sexpever_men_fit_rr_fishing2429_30v1_median","2.39"
"empirical_sexpever_men_fit_rr_fishing2429_30v1_lower","0.59"
"empirical_sexpever_men_fit_rr_fishing2429_30v1_upper","5.37"
